catalog_sku,id_product,catalog_desc,similar_desc,elastic_score,normalized_score,catalog_preco_medio,preco_medio,catalog_categoria,categoria,catalog_marca,marca,catalog_cor,cor,catalog_atributo_1,atributo_1,catalog_atributo_2,atributo_2,catalog_atributo_3,atributo_3,catalog_atributo_4,atributo_4,catalog_atributo_5,atributo_5,catalog_atributo_6,atributo_6
7898602824031,95354630,GUARDA ROUPA CASAL COM ESPELHO 3 PORTAS DE CORRER FLORIDA ESPRESSO MOVEIS,GUARDA ROUPA CASAL 3 PORTAS 4 GAVETAS COM 8 PES TAIFA ESPRESSO MOVEIS CINAMOMOOFF WHITE,18.353735,100.0,1332.79,1315.78,GUARDA ROUPAS,GUARDA ROUPAS,ESPRESSO MOVEIS,ESPRESSO MOVEIS,BRANCO,MARROM BRANCO,SIM,NAO INFORMADO,MDP,NAO INFORMADO,NAO INFORMADO,SIM,208 CM X 188 CM X 54 CM,NAO INFORMADO,4,4,3,3
7898602825663,95354630,GUARDA ROUPA CASAL COM ESPELHO 3 PORTAS DE CORRER ILHEUS PREMIUM ESPRESSO MOVEIS,GUARDA ROUPA CASAL 3 PORTAS 4 GAVETAS COM 8 PES TAIFA ESPRESSO MOVEIS CINAMOMOOFF WHITE,18.353735,100.0,1450.37,1315.78,GUARDA ROUPAS,GUARDA ROUPAS,ESPRESSO MOVEIS,ESPRESSO MOVEIS,BRANCO,MARROM BRANCO,SIM,NAO INFORMADO,MDP,NAO INFORMADO,NAO INFORMADO,SIM,218 CM X 216 CM X 52 CM,NAO INFORMADO,4,4,3,3
7899001713445,103324502,GUARDA ROUPA CASAL 6 PORTAS 2 GAVETAS PARIS ESPRESSO MOVEIS,GUARDA ROUPA CASAL 6 PORTAS 2 GAVETAS SANTAREM ESPRESSO MOVEIS MARROCOSOFF WHITE,22.750252,100.0,699.98,719.76,GUARDA ROUPAS,GUARDA ROUPAS,ESPRESSO MOVEIS,ESPRESSO MOVEIS,BRANCO,BRANCO,NAO INFORMADO,NAO INFORMADO,MDP,NAO INFORMADO,NAO INFORMADO,NAO INFORMADO,205 CM X 178 CM X 47 CM,NAO INFORMADO,2,2,6,6
7908161530677,103084120,GUARDA ROUPA CASAL COM ESPELHO 3 PORTAS 4 GAVETAS 1885CM VIENA YESCASA,GUARDA ROUPA CASAL COM ESPELHO 3 PORTAS 4 GAVETAS 1885CM VIENA YESCASA BRANCO YESCASA,20.874115,100.0,959.98,957.66,GUARDA ROUPAS,GUARDA ROUPAS,YESCASA,YESCASA,BRANCO,BRANCO,NAO,SIM,MDP,NAO INFORMADO,SIM,NAO INFORMADO,"208CM X 185,5CM X 56CM",NAO INFORMADO,4,4,3,3
7908167227984,103265317,GUARDA ROUPA CASAL 3 PORTAS 1 ESPELHO 100 MDF LONDON YESCASA,GUARDA ROUPA CASAL 3 PORTAS 1 ESPELHO 100 MDF LONDON YESCASA BRANCO YESCASA,23.31543,100.0,1499.98,1445.33,GUARDA ROUPAS,GUARDA ROUPAS,YESCASA,YESCASA,BRANCO,BRANCO,SIM,SIM,MDF,MDF,NAO INFORMADO,NAO INFORMADO,235 CM X 218 CM X 56 CM,NAO INFORMADO,4,NAO INFORMADO,3,3
7908308742147,96395236,GUARDA ROUPA CASAL COM ESPELHO 3 PORTAS 6 GAVETAS VEGAS,GUARDA ROUPA CASAL COM ESPELHO 3 PORTAS 6 GAVETAS WOOD NOVO HORIZONTE BRANCO,18.803814,100.0,1899.98,1953.7,GUARDA ROUPAS,GUARDA ROUPAS,NOVO HORIZONTE,NOVO HORIZONTE,CUMARU FENDI,BRANCO,SIM,SIM,MDF,WOOD,NAO INFORMADO,NAO INFORMADO,"241,2 CM X 218 CM X 55,5 CM",NAO INFORMADO,6,6,3,3
7908308742277,88970882,GUARDA ROUPA 6 PORTAS 6 GAVETAS RENO NOVO HORIZONTE,GUARDA ROUPA CASAL 6 PORTAS E 6 GAVETAS C ESPELHO ROBUST PLUS BRANCO NOVO HORIZONTE,18.247643,100.0,1899.97,2620.98,GUARDA ROUPAS,GUARDA ROUPAS,NOVO HORIZONTE,NOVO HORIZONTE,CUMARU FENDI,BRANCO,NAO INFORMADO,SIM,MDF,NAO INFORMADO,NAO INFORMADO,NAO INFORMADO,"276,2 CM X 236,4 CM X 56,5 CM",NAO INFORMADO,6,6,NAO INFORMADO,6
7908308742420,88970882,GUARDA ROUPA 6 PORTAS 6 GAVETAS COM ESPELHO RENO NOVO HORIZONTE,GUARDA ROUPA CASAL 6 PORTAS E 6 GAVETAS C ESPELHO ROBUST PLUS BRANCO NOVO HORIZONTE,23.261724,100.0,2169.97,2620.98,GUARDA ROUPAS,GUARDA ROUPAS,NOVO HORIZONTE,NOVO HORIZONTE,BRANCO,BRANCO,SIM,SIM,MDF,NAO INFORMADO,NAO INFORMADO,NAO INFORMADO,"276,2 CM X 236,4 CM X 56,5 CM",NAO INFORMADO,6,6,6,6
7908308742451,88970882,GUARDA ROUPA 6 PORTAS 6 GAVETAS COM ESPELHO RENO NOVO HORIZONTE,GUARDA ROUPA CASAL 6 PORTAS E 6 GAVETAS C ESPELHO ROBUST PLUS BRANCO NOVO HORIZONTE,21.719452,100.0,2119.98,2620.98,GUARDA ROUPAS,GUARDA ROUPAS,NOVO HORIZONTE,NOVO HORIZONTE,CUMARU,BRANCO,SIM,SIM,MDF,NAO INFORMADO,NAO INFORMADO,NAO INFORMADO,"276,2 CM X 236,4 CM X 56,5 CM",NAO INFORMADO,6,6,6,6
7908308742543,83525289,GUARDA ROUPA 2 PORTAS 3 GAVETAS AVILA NOVO HORIZONTE,GUARDA ROUPA CASAL 2 PORTAS 4 GAVETAS ATENAS NOVO HORIZONTE BRANCO,19.304878,100.0,1229.98,1114.24,GUARDA ROUPAS,GUARDA ROUPAS,NOVO HORIZONTE,NOVO HORIZONTE,BRANCO,BRANCO,NAO,NAO INFORMADO,MDF,NAO INFORMADO,NAO INFORMADO,NAO INFORMADO,"236,4 CM X 162 CM X 55,5 CM",NAO INFORMADO,3,4,2,2
7908308743007,96395236,GUARDA ROUPA CASAL COM ESPELHO 3 PORTAS 6 GAVETAS MONTREAL NOVO HORIZONTE,GUARDA ROUPA CASAL COM ESPELHO 3 PORTAS 6 GAVETAS WOOD NOVO HORIZONTE BRANCO,21.594795,100.0,1599.98,1953.7,GUARDA ROUPAS,GUARDA ROUPAS,NOVO HORIZONTE,NOVO HORIZONTE,CUMARU FENDI,BRANCO,SIM,SIM,MDF,WOOD,NAO INFORMADO,NAO INFORMADO,"236,4 CM X 208,2 CM X 55,5 CM",NAO INFORMADO,6,6,3,3
7908308792012,95748596,GUARDA ROUPA CASAL 3 PORTAS 4 GAVETAS PLATA DEMOBILE,GUARDA ROUPA CASAL 3 PORTAS 4 GAVETAS PLATA DEMOBILE BRANCO,18.892696,100.0,1059.98,923.62,GUARDA ROUPAS,GUARDA ROUPAS,DEMOBILE,DEMOBILE,AMENDOLA TOUCHOFF WHITE,BRANCO,SIM,NAO INFORMADO,MDP,NAO INFORMADO,NAO INFORMADO,NAO INFORMADO,202 CM X 190 CM X 47 CM,NAO INFORMADO,4,4,3,3
7908506206960,63012699,GUARDA ROUPA CASAL 6 PORTAS FALCO YESCASA,GUARDA ROUPA CASAL 6 PORTAS FALCO YESCASA BRANCO,17.067707,100.0,499.98,448.52,GUARDA ROUPAS,GUARDA ROUPAS,YESCASA,FALCO YESCASA,BRANCO,BRANCO,NAO,NAO INFORMADO,MDP,NAO INFORMADO,NAO,NAO INFORMADO,181 CM X 149 CM X 47 CM,NAO INFORMADO,NAO INFORMADO,NAO INFORMADO,6,6
7908506207042,63618655,GUARDA ROUPA CASAL 6 PORTAS FALCO YESCASA,GUARDA ROUPA CASAL 6 PORTAS FALCO YESCASA AVENA,15.665367,100.0,599.98,392.94,GUARDA ROUPAS,GUARDA ROUPAS,YESCASA,FALCO YESCASA,AVENAGRAFITE,NAO INFORMADO,NAO,NAO INFORMADO,MDP,NAO INFORMADO,NAO INFORMADO,NAO INFORMADO,181 CM X 149 CM X 47 CM,NAO INFORMADO,NAO INFORMADO,NAO INFORMADO,6,6
7908506254497,69578910,GUARDA ROUPA CASAL 3 PORTAS COM ESPELHO CENTRAL E 4 GAVETAS COSTA RICA SALLETO MOVEIS,GUARDA ROUPA CASAL 3 PORTAS COM ESPELHO CENTRAL E 4 GAVETAS COSTA RICA SALLETO MOVEIS BRANCO,26.910563,100.0,1059.98,950.9,GUARDA ROUPAS,GUARDA ROUPAS,SALLETO MOVEIS,SALLETO MOVEIS,BRANCO,BRANCO,SIM,SIM,MDF/MDP,NAO INFORMADO,NAO INFORMADO,NAO INFORMADO,"208 CM X 185,5 CM X 47 CM",NAO INFORMADO,4,4,3,3
7908506254541,69578910,GUARDA ROUPA CASAL 3 PORTAS COM ESPELHO CENTRAL E 4 GAVETAS COSTA RICA SALLETO MOVEIS,GUARDA ROUPA CASAL 3 PORTAS COM ESPELHO CENTRAL E 4 GAVETAS COSTA RICA SALLETO MOVEIS BRANCO,25.36829,100.0,1029.98,950.9,GUARDA ROUPAS,GUARDA ROUPAS,SALLETO MOVEIS,SALLETO MOVEIS,IPEOFF WHITE,BRANCO,SIM,SIM,MDF/MDP,NAO INFORMADO,NAO INFORMADO,NAO INFORMADO,"208 CM X 185,5 CM X 47 CM",NAO INFORMADO,4,4,3,3
7909903075975,81510147,GUARDA ROUPA 4 PORTAS 2 GAVETAS LOGAN MAMBEL,GUARDA ROUPA 4 PORTAS 2 GAVETAS LOGAN MAMBEL BRANCOOLMO,22.271103,100.0,1407.02,1501.26,GUARDA ROUPAS,GUARDA ROUPAS,LOGAN,LOGAN MAMBEL,BRANCO,BRANCO,NAO,NAO INFORMADO,MDF,NAO INFORMADO,NAO INFORMADO,NAO INFORMADO,"232,2CM X 160,5CM X 56CM",NAO INFORMADO,2,2,4,4
7909903202005,134656410,RACK COM PAINEL RIPADO PARA TV ATE 85 POLEGADAS LED 3 GAVETAS COM RODIZIOS 230CM GELIUS NATURALE,RACK COM PAINEL RIPADO PARA TV ATE 75 POLEGADAS LED 3 GAVETAS COM PES 230CM NOBRE GELIUS 100 MDF,28.961052,100.0,2199.98,2211.18,RACKS COM PAINEIS,RACKS COM PAINEIS,GELIUS MOVEIS,GELIUS 100,NATURALE,NAO INFORMADO,NAO,NAO INFORMADO,MDF/MDP,MDF,SIM,SIM,250 CM X 229 CM X 35 CM,230CM,3,3,NAO INFORMADO,NAO INFORMADO
7909903250082,90091166,GUARDA ROUPA CASAL 3 PORTAS COM ESPELHO 4 GAVETAS COSTA RICA SALLETO MOVEIS,GUARDA ROUPA CASAL 3 PORTAS COM ESPELHO 4 GAVETAS COSTA RICA SALLETO MOVEIS CINAMOMOOFF,23.334652,100.0,997.63,1039.23,GUARDA ROUPAS,GUARDA ROUPAS,SALLETO MOVEIS,SALLETO MOVEIS,CINAMOMOOFF WHITE,MARROM BRANCO,SIM,SIM,MDF/MDP,NAO INFORMADO,NAO INFORMADO,NAO INFORMADO,"208 CM X 185,5 CM X 47 CM",NAO INFORMADO,4,4,3,3
7909903263846,103084116,GUARDA ROUPA CASAL 8 PORTAS 4 GAVETAS PARIS ESPRESSO MOVEIS,GUARDA ROUPA CASAL 8 PORTAS 4 GAVETAS COM PES PARIS ESPRESSO MOVEIS PRETO ESPRESSO MOVEIS,25.7984,100.0,899.98,959.76,GUARDA ROUPAS,GUARDA ROUPAS,ESPRESSO MOVEIS,ESPRESSO MOVEIS,PRETO,PRETO,NAO INFORMADO,NAO INFORMADO,MDP,NAO INFORMADO,NAO INFORMADO,SIM,237 CM X 200 CM X 47 CM,NAO INFORMADO,4,4,8,8
7909903263853,103084116,GUARDA ROUPA CASAL 8 PORTAS 4 GAVETAS PARIS ESPRESSO MOVEIS,GUARDA ROUPA CASAL 8 PORTAS 4 GAVETAS COM PES PARIS ESPRESSO MOVEIS PRETO ESPRESSO MOVEIS,23.874971,100.0,865.86,959.76,GUARDA ROUPAS,GUARDA ROUPAS,ESPRESSO MOVEIS,ESPRESSO MOVEIS,CINZA,PRETO,NAO INFORMADO,NAO INFORMADO,MDP,NAO INFORMADO,NAO INFORMADO,SIM,237 CM X 200 CM X 47 CM,NAO INFORMADO,4,4,8,8
7909903263884,103084116,GUARDA ROUPA CASAL 8 PORTAS 4 GAVETAS COM PES PARIS ESPRESSO MOVEIS,GUARDA ROUPA CASAL 8 PORTAS 4 GAVETAS COM PES PARIS ESPRESSO MOVEIS PRETO ESPRESSO MOVEIS,27.632902,100.0,1129.98,959.76,GUARDA ROUPAS,GUARDA ROUPAS,ESPRESSO MOVEIS,ESPRESSO MOVEIS,CINZA,PRETO,NAO INFORMADO,NAO INFORMADO,MDP,NAO INFORMADO,SIM,SIM,237 CM X 205 CM X 47 CM,NAO INFORMADO,4,4,8,8
7909903264669,103084116,GUARDA ROUPA CASAL 8 PORTAS 4 GAVETAS PARIS ESPRESSO MOVEIS,GUARDA ROUPA CASAL 8 PORTAS 4 GAVETAS COM PES PARIS ESPRESSO MOVEIS PRETO ESPRESSO MOVEIS,23.874971,100.0,999.98,959.76,GUARDA ROUPAS,GUARDA ROUPAS,ESPRESSO MOVEIS,ESPRESSO MOVEIS,BRANCO,PRETO,NAO INFORMADO,NAO INFORMADO,MDP,NAO INFORMADO,NAO INFORMADO,SIM,237 CM X 200 CM X 47 CM,NAO INFORMADO,4,4,8,8
7909903264683,103084116,GUARDA ROUPA CASAL 8 PORTAS 4 GAVETAS PARIS ESPRESSO MOVEIS,GUARDA ROUPA CASAL 8 PORTAS 4 GAVETAS COM PES PARIS ESPRESSO MOVEIS PRETO ESPRESSO MOVEIS,23.874971,100.0,919.98,959.76,GUARDA ROUPAS,GUARDA ROUPAS,ESPRESSO MOVEIS,ESPRESSO MOVEIS,IPE TEXOFF WHITE,PRETO,NAO INFORMADO,NAO INFORMADO,MDP,NAO INFORMADO,NAO INFORMADO,SIM,237 CM X 200 CM X 47 CM,NAO INFORMADO,4,4,8,8
7909903264690,103084116,GUARDA ROUPA CASAL 8 PORTAS 4 GAVETAS COM PES PARIS ESPRESSO MOVEIS,GUARDA ROUPA CASAL 8 PORTAS 4 GAVETAS COM PES PARIS ESPRESSO MOVEIS PRETO ESPRESSO MOVEIS,27.632902,100.0,1159.98,959.76,GUARDA ROUPAS,GUARDA ROUPAS,ESPRESSO MOVEIS,ESPRESSO MOVEIS,BRANCO,PRETO,NAO INFORMADO,NAO INFORMADO,MDP,NAO INFORMADO,SIM,SIM,237 CM X 205 CM X 47 CM,NAO INFORMADO,4,4,8,8
7909903266151,72370865,GUARDA ROUPA CASAL 3 PORTAS 9 GAVETAS LUANA SALLETO MOVEIS,GUARDA ROUPA CASAL 3 PORTAS 9 GAVETAS LUANA SALLETO MOVEIS,22.21813,100.0,999.98,980.77,GUARDA ROUPAS,GUARDA ROUPAS,SALLETO MOVEIS,LUANA SALLETO MOVEIS,CINAMOMOOFF WHITE,NAO INFORMADO,NAO INFORMADO,NAO INFORMADO,MDF/MDP,NAO INFORMADO,NAO INFORMADO,NAO INFORMADO,217 CM X 180 CM X 47 CM,NAO INFORMADO,9,9,3,3
7909903266175,72677464,GUARDA ROUPA CASAL 3 PORTAS 9 GAVETAS COM ESPELHO LUANA SALLETO MOVEIS,GUARDA ROUPA CASAL 3 PORTAS 9 GAVETAS COM ESPELHO LUANA SALLETO MOVEIS,22.968374,100.0,1039.98,1105.31,GUARDA ROUPAS,GUARDA ROUPAS,SALLETO MOVEIS,LUANA SALLETO MOVEIS,CINAMOMOOFF WHITE,NAO INFORMADO,SIM,SIM,MDF/MDP,NAO INFORMADO,NAO INFORMADO,NAO INFORMADO,217 CM X 180 CM X 47 CM,NAO INFORMADO,9,9,3,3
7909903272879,114104643,ESTANTE HOME RIPADA PARA TV ATE 85 POLEGADAS COM LED 3 GAVETAS NOBRE CLEAN GELIUS MOVEIS,ESTANTE HOME RIPADA PARA TV ATE 85 POLEGADAS COM LED 3 GAVETAS NOBRE CLEAN GELIUS MOVEIS MARROMLE,33.9194,100.0,1519.98,1534.96,ESTANTES,ESTANTES,GELIUS MOVEIS,GELIUS MOVEIS,NATURALEOFF WHITE,MARROM,NAO,NAO INFORMADO,MDF,NAO INFORMADO,NAO INFORMADO,NAO INFORMADO,"228,8 CM X 217 CM X 40,6 CM",NAO INFORMADO,3,3,NAO INFORMADO,NAO INFORMADO
AR996CL75WCYMOB-450138,19146098,GUARDA ROUPA CLOSET MODULADO BARCELONA DEMOLICAO,GUARDA ROUPA CLOSET MODULADO BARCELONA DEMOLICAO,12.873157,100.0,693.79,600.43,GUARDA ROUPAS,GUARDA ROUPAS,MODERN,NAO INFORMADO,MARROM,NAO INFORMADO,187 CM X 119 CM X 48 CM,NAO INFORMADO,3,NAO INFORMADO,MDP,NAO INFORMADO,NAO INFORMADO,NAO INFORMADO,SEM PORTAS,NAO INFORMADO,NAO INFORMADO,NAO INFORMADO
CA366TA81IEWMOB-166390,73765398,CONJUNTO DE MESA OITAVADA COM 8 CADEIRAS UMBRIDGE COLORIDO,CONJUNTO DE MESA OITAVADA COM 8 CADEIRAS FUNNY COLORIDO,27.239902,100.0,1715.29,1784.69,CONJUNTO DE MESA E CADEIRAS,CONJUNTO DE MESA E CADEIRAS,CARLU BRINQUEDOS,NAO INFORMADO,COLORIDO,COLORIDO,8,8,104CM X 104CM X 57CM,NAO INFORMADO,MDF,NAO INFORMADO,NAO INFORMADO,NAO INFORMADO,NAO INFORMADO,NAO INFORMADO,NAO INFORMADO,NAO INFORMADO
CO184TA01DFIMOB-972225,77972762,MESA DE ESCRITORIO KUANDRA NOGAL E PRETA,MESA DE ESCRITORIO KUANDRA NOGAL E PRETA,15.8263645,100.0,490.47,424.91,MESAS DE ESCRITORIO E ESCRIVANINHAS,MESAS DE ESCRITORIO E ESCRIVANINHAS,COMPACE,NAO INFORMADO,MARROM PRETO,MARROM PRETO,180 CM X 75 CM X 70 CM,NAO INFORMADO,MDP,NAO INFORMADO,NAO INFORMADO,NAO INFORMADO,NAO INFORMADO,NAO INFORMADO,NAO INFORMADO,NAO INFORMADO,NAO INFORMADO,NAO INFORMADO
CO184TA68EBRMOB-1007568,85094555,ESCRIVANINHA STUDIO PRETA 180 CM,ESCRIVANINHA STUDIO PRETA 180 CM,13.436642,100.0,467.96,377.62,MESAS DE ESCRITORIO E ESCRIVANINHAS,MESAS DE ESCRITORIO E ESCRIVANINHAS,COMPACE,NAO INFORMADO,PRETO,PRETO,180 CM X 75 CM X 60 CM,180CM,MDP,NAO INFORMADO,NAO INFORMADO,NAO INFORMADO,NAO INFORMADO,NAO INFORMADO,NAO INFORMADO,NAO INFORMADO,NAO INFORMADO,NAO INFORMADO
DA270CH30GDTMOB-1130200,102925740,CONJUNTO COM 2 CADEIRAS PENNY ALGODAO BEGE E FREIJO,CONJUNTO COM 2 CADEIRAS PENNY ALGODAO BEGE E FREIJO,21.024563,100.0,733.46,664.85,CONJUNTO DE CADEIRAS,CONJUNTO DE CADEIRAS,MODERN,NAO INFORMADO,MARROM,MARROM,2,2,MDF,ALGODAO,NAO INFORMADO,NAO INFORMADO,NAO INFORMADO,NAO INFORMADO,NAO INFORMADO,NAO INFORMADO,NAO INFORMADO,NAO INFORMADO
DA270RA04UOXMOB-1088070,111782511,RACK LOREN 1 PT 2 GV FREIJO 220 CM,RACK PARA TV DE ATE 60QUOT 2 GAVETAS 220 CM 1 PORTA DE CORRER FREIJO DALLA COSTA,27.871984,100.0,1035.79,927.5,RACKS,RACKS,DALLA COSTA,DALLA COSTA,MARROM,NAO INFORMADO,220 CM X 62 CM X 36 CM,NAO INFORMADO,2,FREIJO,MDF,NAO INFORMADO,NAO INFORMADO,220CM,1,2,NAO INFORMADO,1
DD124UP92PHBMOB-1015071,89075651,SOFA CAMA CASAL SEM CAIXA 3 LUGARES PRIME LINHO CINZA 230 CM,SOFA 3 LUGARES RETRATIL E RECLINAVEL PRIME LINHO CINZA 230 CM,16.340925,100.0,3337.09,2578.97,SOFAS CAMA,SOFAS,MOBLY,NAO INFORMADO,CINZA,CINZA,3,3,SIM,SIM,LINHO,NAO INFORMADO,230CM,190,NAO INFORMADO,NAO INFORMADO,NAO INFORMADO,NAO INFORMADO
DD124UP94PGZMOB-1015069,87010781,SOFA 3 LUGARES RETRATIL E RECLINAVEL PRIME LINHO CINZA 210 CM,SOFA 3 LUGARES RETRATIL E RECLINAVEL PRIME LINHO CINZA 210 CM,19.467842,100.0,3265.09,2301.77,SOFAS,SOFAS,PRIME,NAO INFORMADO,CINZA,CINZA,3,3,SIM,SIM,LINHO,NAO INFORMADO,210CM,210,NAO INFORMADO,NAO INFORMADO,NAO INFORMADO,NAO INFORMADO
DD124UP96PGXMOB-1015067,88836060,SOFA 3 LUGARES RETRATIL E RECLINAVEL PRIME LINHO CINZA 190 CM,SOFA 3 LUGARES RETRATIL E RECLINAVEL PRIME LINHO CINZA 190 CM,19.71504,100.0,3099.49,2250.87,SOFAS,SOFAS,PRIME,NAO INFORMADO,CINZA,CINZA,3,3,SIM,SIM,LINHO,NAO INFORMADO,190CM,190,NAO INFORMADO,NAO INFORMADO,NAO INFORMADO,NAO INFORMADO
DE626CL43PXWMOB-790590,59605276,GUARDA ROUPA CASAL BELGA 2 PT 3 GV GRAFITO E AMENDOLA,GUARDA ROUPA CASAL BELGA 2 PT 3 GV GRAFITO E AMENDOLA,19.90819,100.0,1492.09,1705.61,GUARDA ROUPAS,GUARDA ROUPAS,MOBLY,NAO INFORMADO,MARROM CINZA,CINZA MARROM,230 CM X 217 CM X 55 CM,NAO INFORMADO,3,NAO INFORMADO,MDP,NAO INFORMADO,NAO INFORMADO,NAO INFORMADO,2,3,NAO INFORMADO,2
DE626CL53BLMMOB-798177,60277935,GUARDA ROUPA CASAL ATRICE 6 PT 6 GV AMENDOLA E GRAFITO,GUARDA ROUPA CASAL ATRICE 6 PT 6 GV AMENDOLA E GRAFITO,20.974163,100.0,1870.09,1788.18,GUARDA ROUPAS,GUARDA ROUPAS,DEMOBILE,NAO INFORMADO,MARROM CINZA,MARROM CINZA,267 CM X 230 CM X 55 CM,NAO INFORMADO,6,NAO INFORMADO,MDP,NAO INFORMADO,NAO INFORMADO,NAO INFORMADO,6,6,NAO INFORMADO,6
DE626CL54BLLMOB-798176,84825443,GUARDA ROUPA CASAL ATTORE 4 PT 3 GV AMENDOLA E GRAFITO,GUARDA ROUPA CASAL COM 2 ESPELHOS ATTORE 4 PT 3 GV AMENDOLA E GRAFITO,16.379421,100.0,1600.09,1780.62,GUARDA ROUPAS,GUARDA ROUPAS,DEMOBILE,NAO INFORMADO,MARROM,MARROM CINZA,230 CM X 180 CM X 55 CM,SIM,3,NAO INFORMADO,MDP,NAO INFORMADO,NAO INFORMADO,NAO INFORMADO,4,3,NAO INFORMADO,4
DE626CL68COPMOB-849601,114327538,BALCAO DE COZINHA DAMA COM TAMPO 3 PT 1 GV AMENDOLA E BRANCO,BALCAO DE COZINHA COM TAMPO 3 PORTAS E 1 GAVETA DEMOBILE DAMA AMENDOLA E BRANCO,19.573185,100.0,360.79,206.46,BALCOES,BALCOES,DEMOBILE,NAO INFORMADO,MARROM,MARROM BRANCO,NAO INFORMADO,NAO INFORMADO,MDP,NAO INFORMADO,SIM,NAO INFORMADO,120 CM X 86 CM X 45 CM,NAO INFORMADO,1,1,3,3
DE626CL88UNVMOB-983910,84825443,GUARDA ROUPA CASAL COM 2 ESPELHOS ATTORE 4 PT 3 GV AMENDOLA E GRAFITO,GUARDA ROUPA CASAL COM 2 ESPELHOS ATTORE 4 PT 3 GV AMENDOLA E GRAFITO,20.813997,100.0,1793.59,1780.62,GUARDA ROUPAS,GUARDA ROUPAS,DEMOBILE,NAO INFORMADO,MARROM,MARROM CINZA,230 CM X 180 CM X 55 CM,SIM,3,NAO INFORMADO,MDP,NAO INFORMADO,SIM,NAO INFORMADO,4,3,NAO INFORMADO,4
DU110AC62BSNMOB-936154,90415871,TRAVESSEIRO GULDI SOFT NASA BRANCO,TRAVESSEIRO ORTOBOM NASA ORTOPEDICO ANATOMICO CERVICAL CORPO BECA BABY,8.5565815,100.0,174.41,85.38,TRAVESSEIROS,TRAVESSEIROS,GULDI,NAO INFORMADO,BRANCO,NAO INFORMADO,NAO INFORMADO,NAO INFORMADO,NAO INFORMADO,NAO INFORMADO,NAO INFORMADO,NAO INFORMADO,NAO INFORMADO,NAO INFORMADO,NAO INFORMADO,NAO INFORMADO,NAO INFORMADO,NAO INFORMADO
EV166CL63DFSMOB-1024481,86337413,GUARDA ROUPA CASAL COM ESPELHO CAPELINHA 4 PT 2 GV BRANCO,GUARDA ROUPA CASAL COM ESPELHO CAPELINHA 4 PT 2 GV BRANCO,14.76649,100.0,670.46,601.29,GUARDA ROUPAS,GUARDA ROUPAS,EVIDENCIA,NAO INFORMADO,BRANCO,BRANCO,181CM X 150CM X 40CM,SIM,2,NAO INFORMADO,MDP,NAO INFORMADO,SIM,NAO INFORMADO,4,4,NAO INFORMADO,NAO INFORMADO
EV166CL63DFSMOB-1024481,114300274,GUARDA ROUPA CASAL COM ESPELHO CAPELINHA 4 PT 2 GV BRANCO,GUARDA ROUPA SOLTEIRO COM ESPELHO CAPELINHA 2 PT 2 GV BRANCO,14.816825,100.0,670.46,593.86,GUARDA ROUPAS,GUARDA ROUPAS,EVIDENCIA,NAO INFORMADO,BRANCO,BRANCO,181CM X 150CM X 40CM,SIM,2,NAO INFORMADO,MDP,NAO INFORMADO,SIM,NAO INFORMADO,4,2,NAO INFORMADO,2
GE238CL72HRVMOB-545758,87773441,ARMARIO MULTIUSO XANGAI 2 PT BRANCA,ARMARIO MULTIUSO XANGAI 2 PT BRANCA,14.514758,100.0,263.58,206.69,ARMARIOS,ARMARIOS,GENIAL FLEX,NAO INFORMADO,BRANCO,BRANCO,NAO INFORMADO,NAO INFORMADO,MDP,NAO INFORMADO,NAO,NAO INFORMADO,175CM X 55CM X 30CM,NAO INFORMADO,SEM GAVETAS,NAO INFORMADO,1,2
GE995CL54TINMOB-948054,76772536,ARMARIO MULTIUSO XANGAI 2 PT PRETO,ARMARIO MULTIUSO XANGAI 2 PORTAS PRETO FOSCO GENIALFLEX,21.218054,100.0,245.67,234.83,ARMARIOS,ARMARIOS,GENIALFLEX,GENIALFLEX,PRETO,PRETO,NAO INFORMADO,NAO INFORMADO,MDP,NAO INFORMADO,NAO,NAO INFORMADO,175CM X 55CM X 30CM,NAO INFORMADO,SEM GAVETAS,NAO INFORMADO,2,2
GU364AC33MYSMOB-1065519,95704281,COLCHAO CASAL GULDI DREAM MOLA ENSACADA 30X138X188 CINZA E BRANCO,COLCHAO CASAL GULDI DREAM MOLA ENSACADA 30X138X188 CINZA E BRANCO,30.714151,100.0,2883.57,2173.5,COLCHOES,COLCHOES,GULDI,NAO INFORMADO,BRANCO CINZA,CINZA BRANCO,30CM X 138CM X 188CM,30CM X 138CM X 188CM,D30,NAO INFORMADO,NAO INFORMADO,NAO INFORMADO,COLCHAO CASAL,CASAL,SIM,SIM,NAO INFORMADO,NAO INFORMADO
GU364BE40XOPMOB-556405,30949148,COLCHAO KING MOLA ENSACADA GULDI MACIO 25X193X203 AZUL E BRANCO,COLCHAO KING MOLA ENSACADA GULDI MACIO 25X193X203 AZUL E BRANCO,38.11189,100.0,2596.46,1850.41,COLCHOES,COLCHOES,GULDI,GULDI,AZUL BRANCO,AZUL BRANCO,203 CM X 193 CM X 25 CM,NAO INFORMADO,D30,NAO INFORMADO,MACIO,MACIO,KING,KING,SIM,SIM,NAO INFORMADO,NAO INFORMADO
GU364BE41XOOMOB-556404,28772989,COLCHAO QUEEN MOLA ENSACADA GULDI MACIO 25X158X198 AZUL E BRANCO,COLCHAO QUEEN MOLA ENSACADA GULDI MACIO 25X158X198 AZUL E BRANCO,39.30706,100.0,2164.46,1836.88,COLCHOES,COLCHOES,GULDI,GULDI,AZUL BRANCO,AZUL BRANCO,198 CM X 158 CM X 25 CM,25CM X 158CM X 198CM,D30,NAO INFORMADO,MACIO,MACIO,QUEEN,QUEEN,SIM,SIM,NAO INFORMADO,NAO INFORMADO
GU364BE42XONMOB-556403,29889586,COLCHAO CASAL MOLA ENSACADA GULDI MACIO 25X138X188 AZUL E BRANCO,COLCHAO CASAL MOLA ENSACADA GULDI MACIO 25X138X188 AZUL E BRANCO,37.197453,100.0,1849.46,2094.44,COLCHOES,COLCHOES,GULDI,GULDI,AZUL,AZUL BRANCO,25CM X 188CM X 138CM,25CM X 138CM X 188CM,D30,NAO INFORMADO,MACIO,MOLA,COLCHAO CASAL,CASAL,SIM,SIM,NAO INFORMADO,NAO INFORMADO
GU364BE44XOLMOB-556401,28772989,COLCHAO SOLTEIRO MOLA ENSACADA GULDI MACIO 25X88X188 AZUL E BRANCO,COLCHAO QUEEN MOLA ENSACADA GULDI MACIO 25X158X198 AZUL E BRANCO,30.50981,100.0,1228.46,1836.88,COLCHOES,COLCHOES,GULDI,GULDI,AZUL,AZUL BRANCO,188 CM X 88 CM X 25 CM,25CM X 158CM X 198CM,D30,NAO INFORMADO,MACIO,MACIO,COLCHAO SOLTEIRO,QUEEN,SIM,SIM,NAO INFORMADO,NAO INFORMADO
GU364MA53ECGMOB-1007583,90968557,COLCHAO CASAL GULDI DUPLO PLUS D28 16X138X188 BRANCO E AZUL,COLCHAO KING GULDI DUPLO PLUS D28 16X193X203 BRANCO E AZUL,29.340513,100.0,998.96,819.17,COLCHOES,COLCHOES,GULDI,GULDI,AZUL BRANCO,BRANCO AZUL,188 CM X 138 CM X 16 CM,16CM X 193CM X 203CM,D28,D28,UM LADO FIRME E OUTRO MACIO,NAO INFORMADO,CASAL,KING,NAO INFORMADO,NAO INFORMADO,NAO INFORMADO,NAO INFORMADO
GU364MA56ECDMOB-1007580,90968557,COLCHAO SOLTEIRO GULDI DUPLO PLUS D28 16X88X188 BRANCO E AZUL,COLCHAO KING GULDI DUPLO PLUS D28 16X193X203 BRANCO E AZUL,29.62038,100.0,683.96,819.17,COLCHOES,COLCHOES,GULDI,GULDI,BRANCO AZUL,BRANCO AZUL,188 CM X 88 CM X 16 CM,16CM X 193CM X 203CM,D28,D28,NAO INFORMADO,NAO INFORMADO,SOLTEIRO,KING,NAO INFORMADO,NAO INFORMADO,NAO INFORMADO,NAO INFORMADO
GU364MA70CWRMOB-1076164,93194523,COLCHAO QUEEN GULDI DREAM MOLA ENSACADA 30X158X198 CINZA E BRANCO,COLCHAO QUEEN GULDI DREAM MOLA ENSACADA 30X158X198 CINZA E BRANCO,27.975557,100.0,3545.89,2288.82,COLCHOES,COLCHOES,GULDI,NAO INFORMADO,BRANCO CINZA,CINZA BRANCO,198 CM X 158 CM X 30 CM,30CM X 158CM X 198CM,D30,NAO INFORMADO,NAO INFORMADO,NAO INFORMADO,QUEEN,QUEEN,SIM,SIM,NAO INFORMADO,NAO INFORMADO
GU364UP30VFHMOB-624276,29747688,COLCHAO KING MOLA ENSACADA GULDI FIRME 25X193X203 AZUL E BRANCO,COLCHAO KING MOLA ENSACADA GULDI FIRME 25X193X203 AZUL E BRANCO,36.241123,100.0,2510.96,1782.76,COLCHOES,COLCHOES,GULDI,NAO INFORMADO,AZUL,AZUL BRANCO,203CM X 193CM X 25CM,25CM X 193CM X 203CM,NAO INFORMADO,NAO INFORMADO,FIRME,FIRME,KING,KING,SIM,SIM,NAO INFORMADO,NAO INFORMADO
GU364UP31VFGMOB-624275,28772989,COLCHAO QUEEN MOLA ENSACADA GULDI FIRME 25X158X198 AZUL E BRANCO,COLCHAO QUEEN MOLA ENSACADA GULDI MACIO 25X158X198 AZUL E BRANCO,36.38057,100.0,2096.96,1836.88,COLCHOES,COLCHOES,GULDI,GULDI,AZUL,AZUL BRANCO,198CM X 158CM X 25CM,25CM X 158CM X 198CM,D33,NAO INFORMADO,FIRME,MACIO,QUEEN,QUEEN,SIM,SIM,NAO INFORMADO,NAO INFORMADO
GU364UP32VFFMOB-624274,30128450,COLCHAO CASAL MOLA ENSACADA GULDI FIRME 25X138X188 AZUL E BRANCO,COLCHAO CASAL MOLA ENSACADA GULDI FIRME 25X138X188 AZUL E BRANCO,34.368866,100.0,1849.46,1916.8,COLCHOES,COLCHOES,GULDI,GULDI,AZUL,AZUL BRANCO,188 CM X 138 CM X 25 CM,NAO INFORMADO,D33,NAO INFORMADO,FIRME,FIRME,COLCHAO CASAL,CASAL,SIM,SIM,NAO INFORMADO,NAO INFORMADO
GU364UP34VFDMOB-624272,30128450,COLCHAO SOLTEIRO MOLA ENSACADA GULDI FIRME 25X88X188 AZUL E BRANCO,COLCHAO CASAL MOLA ENSACADA GULDI FIRME 25X138X188 AZUL E BRANCO,28.047665,100.0,1255.46,1916.8,COLCHOES,COLCHOES,GULDI,GULDI,AZUL,AZUL BRANCO,188 CM X 88 CM X 25 CM,NAO INFORMADO,D33,NAO INFORMADO,FIRME,FIRME,SOLTEIRO,CASAL,SIM,SIM,NAO INFORMADO,NAO INFORMADO
IM630RA72YUDMOB-522356,21687741,RACK CLASSIC I 3 GV BRANCO ACETINADO 218 CM,RACK CLASSIC I 3 GV BRANCO ACETINADO 218 CM,19.985798,100.0,748.69,803.37,RACKS,RACKS,MOBLY,NAO INFORMADO,BRANCO,BRANCO,218 CM X 52 CM X 40 CM,NAO INFORMADO,3,NAO INFORMADO,MDP,NAO INFORMADO,NAO INFORMADO,218CM,NAO INFORMADO,3,NAO INFORMADO,NAO INFORMADO
KA161TA64WJFMOB-415168,99945094,MESA DE ESCRITORIO MUNIQUE CARVALHO 190 CM,MESA DE ESCRITORIO KAPPESBERG 190M CARVALHO MUNIQUE,12.02823,100.0,774.79,680.68,MESAS DE ESCRITORIO E ESCRIVANINHAS,MESAS DE ESCRITORIO E ESCRIVANINHAS,KAPPESBERG,NAO INFORMADO,MARROM,MARROM,190 CM X 77 CM X 70 CM,NAO INFORMADO,MDP,NAO INFORMADO,NAO INFORMADO,NAO INFORMADO,NAO INFORMADO,NAO INFORMADO,NAO INFORMADO,NAO INFORMADO,NAO INFORMADO,NAO INFORMADO
LI582UP02MFLMOB-753739,51102332,SOFA CAMA CASAL 3 LUGARES SOFIA SUEDE GRAFITE,SOFA CAMA CASAL 3 LUGARES SOFIA SUEDE GRAFITE,17.917412,100.0,1701.79,1464.92,SOFAS CAMA,SOFAS CAMA,MOBLY,NAO INFORMADO,CINZA,CINZA,3,3,NAO INFORMADO,NAO INFORMADO,SUEDE,SUEDE,NAO INFORMADO,NAO INFORMADO,NAO INFORMADO,NAO INFORMADO,NAO INFORMADO,NAO INFORMADO
LI582UP05UNYMOB-641112,30199061,SOFA 3 LUGARES RETRATIL E RECLINAVEL BIARRITZ SUEDE GRAFITE,SOFA 3 LUGARES RETRATIL E RECLINAVEL BIARRITZ SUEDE GRAFITE,19.996029,100.0,1459.69,1387.14,SOFAS,SOFAS,BIARRITZ,NAO INFORMADO,CINZA,CINZA,3,3,SIM,SIM,SUEDE,SUEDE,NAO INFORMADO,NAO INFORMADO,NAO INFORMADO,NAO INFORMADO,NAO INFORMADO,NAO INFORMADO
LI582UP17OKCMOB-116809,14399383,SOFA 3 LUGARES LARISSA II SUEDE BEGE,SOFA 3 LUGARES LARISSA II SUEDE BEGE,17.688307,100.0,1235.58,1140.31,SOFAS,SOFAS,MODERN,NAO INFORMADO,MARROM,MARROM,3,3,NAO INFORMADO,NAO INFORMADO,SUEDE,SUEDE,NAO INFORMADO,NAO INFORMADO,NAO INFORMADO,NAO INFORMADO,NAO INFORMADO,NAO INFORMADO
LI582UP22JZHMOB-204089,37388871,SOFA CAMA 3 LUGARES CASAL PREMIUM SUEDE CINZA,SOFA CAMA 3 LUGARES CASAL PREMIUM SUEDE CINZA,15.676582,100.0,1284.19,1230.55,SOFAS CAMA,SOFAS CAMA,MOBLY,NAO INFORMADO,CINZA,CINZA,3,3,NAO INFORMADO,NAO INFORMADO,SUEDE,SUEDE,NAO INFORMADO,NAO INFORMADO,NAO INFORMADO,NAO INFORMADO,NAO INFORMADO,NAO INFORMADO
LI582UP30EWFMOB-236770,78580099,SOFA CAMA 3 LUGARES CASAL PREMIUM CAFE,SOFA CAMA 3 LUGARES CASAL ESTILO COURO SINTETICO CAFE,16.511938,100.0,1538.89,1331.62,SOFAS CAMA,SOFAS CAMA,MOBLY,NAO INFORMADO,MARROM,MARROM,3,3,SIM,NAO INFORMADO,COURO SINTETICO,COURO SINTETICO,NAO INFORMADO,NAO INFORMADO,NAO INFORMADO,NAO INFORMADO,NAO INFORMADO,NAO INFORMADO
LI582UP30PFHMOB-721427,43359902,SOFA CAMA CASAL 3 LUGARES PREMIUM SUEDE PES DE METAL PRETO,SOFA CAMA CASAL 3 LUGARES PREMIUM SUEDE PES DE METAL PRETO,19.669203,100.0,1280.58,1169.15,SOFAS CAMA,SOFAS CAMA,MOBLY,NAO INFORMADO,PRETO,PRETO,3,3,NAO INFORMADO,NAO INFORMADO,SUEDE,SUEDE,NAO INFORMADO,NAO INFORMADO,NAO INFORMADO,NAO INFORMADO,NAO INFORMADO,NAO INFORMADO
LI582UP42LZDMOB-736546,46358141,SOFA CAMA CASAL 3 LUGARES PREMIUM A2 SUEDE AZUL TURQUESA,SOFA CAMA CASAL 3 LUGARES PREMIUM A2 SUEDE AZUL TURQUESA,22.724287,100.0,1260.79,1293.16,SOFAS CAMA,SOFAS CAMA,MOBLY,NAO INFORMADO,AZUL,AZUL,3,3,SIM,NAO INFORMADO,SUEDE,SUEDE,NAO INFORMADO,NAO INFORMADO,NAO INFORMADO,NAO INFORMADO,NAO INFORMADO,NAO INFORMADO
LI582UP75OXKMOB-462928,91706921,SOFA 3 LUGARES NEW PASSION CORINO PRETO,SOFA 3 LUGARES NEW PASSION CORINO PRETO,16.779919,100.0,1288.69,1295.87,SOFAS,SOFAS,MODERN,NAO INFORMADO,PRETO,PRETO,3,3,NAO INFORMADO,NAO INFORMADO,REVESTIMENTO SINTETICO,NAO INFORMADO,NAO INFORMADO,NAO INFORMADO,NAO INFORMADO,NAO INFORMADO,NAO INFORMADO,NAO INFORMADO
LI729RA06OKFMOB-1101348,99379255,RACK COM PAINEL PARA TV ATE 75 POLEGADAS OURO PRETO 2 PT 2 GV NATURE E OFF WHITE,RACK COM PAINEL PARA TV ATE 75 POLEGADAS OURO PRETO 1 PT 2 GV NATURE E OFF WHITE,26.001085,100.0,2635.09,2249.96,RACKS COM PAINEIS,RACKS COM PAINEIS,MOBLY,NAO INFORMADO,MARROM,AMARELO PRETO,268 CM X 198 CM X 41 CM,NAO INFORMADO,2,NAO INFORMADO,MDP,SIM,NAO INFORMADO,NAO INFORMADO,2,2,NAO INFORMADO,1
MA566UP00IOXMOB-77276,16564395,POLTRONA RECLINAVEL CLASSIC BEGE,POLTRONA DO PAPAI RECLINAVEL CLASSIC MARROM CORINO,13.89025,100.0,675.79,582.72,POLTRONAS,POLTRONAS,MOBLY,NAO INFORMADO,MARROM,MARROM,SIM,SIM,102CM X 77CM X 140CM,NAO INFORMADO,CORINO,CORINO,NAO INFORMADO,NAO INFORMADO,NAO INFORMADO,NAO INFORMADO,NAO INFORMADO,NAO INFORMADO
MC926CH04EJVMOB-200177,30481319,CADEIRA DE ESCRITORIO SECRETARIA GIRATORIA MARILYN PRETA,CADEIRA DE ESCRITORIO SECRETARIA GIRATORIA MARILYN PRETA,17.51338,100.0,530.98,395.66,CADEIRAS DE ESCRITORIO,CADEIRAS DE ESCRITORIO,MOBLY,NAO INFORMADO,PRETO,PRETO,NAO INFORMADO,NAO INFORMADO,SIM,SIM,NAO INFORMADO,NAO INFORMADO,102 CM X 54 CM X 41 CM,NAO INFORMADO,NAO INFORMADO,NAO INFORMADO,NAO INFORMADO,NAO INFORMADO
MC926CH05EJUMOB-200176,30495792,CADEIRA DE ESCRITORIO SECRETARIA GIRATORIA MARILYN BRANCA,CADEIRA DE ESCRITORIO SECRETARIA GIRATORIA MARILYN BRANCA,17.795921,100.0,530.98,483.36,CADEIRAS DE ESCRITORIO,CADEIRAS DE ESCRITORIO,MOBLY,NAO INFORMADO,BRANCO,BRANCO,NAO INFORMADO,NAO INFORMADO,SIM,SIM,NAO INFORMADO,NAO INFORMADO,102 CM X 54 CM X 41 CM,NAO INFORMADO,NAO INFORMADO,NAO INFORMADO,NAO INFORMADO,NAO INFORMADO
MC926CH67UQEMOB-315774,58622619,CADEIRA DE ESCRITORIO DIRETOR GIRATORIA OSLO PRETA,CADEIRA DE ESCRITORIO DIRETOR GIRATORIA ANTONELLA PRETA,13.876402,100.0,521.98,1153.17,CADEIRAS DE ESCRITORIO,CADEIRAS DE ESCRITORIO,MOBLY,NAO INFORMADO,PRETO,PRETO,NAO INFORMADO,NAO INFORMADO,SIM,SIM,NAO INFORMADO,NAO INFORMADO,104CM X 61CM X 62CM,NAO INFORMADO,NAO INFORMADO,NAO INFORMADO,NAO INFORMADO,NAO INFORMADO
MC926CH72QFZMOB-118134,80680889,CADEIRA DE ESCRITORIO DIRETOR GIRATORIA CHARLES PRETA,CADEIRA DE ESCRITORIO DIRETOR GIRATORIA CHARLES PRETA PRETO,16.890284,100.0,742.48,460.33,CADEIRAS DE ESCRITORIO,CADEIRAS DE ESCRITORIO,KEVA,NAO INFORMADO,PRETO,PRETO,NAO INFORMADO,NAO INFORMADO,SIM,SIM,NAO INFORMADO,NAO INFORMADO,102 CM X 59 CM X 62 CM,NAO INFORMADO,NAO INFORMADO,NAO INFORMADO,NAO INFORMADO,NAO INFORMADO
MC926UP18MXPMOB-115756,22515877,SOFA CAMA 3 LUGARES CASAL PREMIUM II SUEDE CAFE,SOFA CAMA 3 LUGARES CASAL PREMIUM II SUEDE CAFE,16.811167,100.0,1267.99,1231.3,SOFAS CAMA,SOFAS CAMA,MOBLY,NAO INFORMADO,MARROM,MARROM,3,3,NAO INFORMADO,NAO INFORMADO,SUEDE,SUEIDE,NAO INFORMADO,NAO INFORMADO,NAO INFORMADO,NAO INFORMADO,NAO INFORMADO,NAO INFORMADO
MD260UP61YDAMOB-213814,30304300,SOFA CAMA 3 LUGARES CASAL PREMIUM SUEDE VELVET BEGE,SOFA CAMA 3 LUGARES CASAL PREMIUM SUEDE VELVET BEGE,20.888912,100.0,1146.49,1208.89,SOFAS CAMA,SOFAS CAMA,MOBLY,NAO INFORMADO,MARROM,MARROM,3,3,SIM,NAO INFORMADO,SUEDE VELVET,VELVET,NAO INFORMADO,NAO INFORMADO,NAO INFORMADO,NAO INFORMADO,NAO INFORMADO,NAO INFORMADO
MO009CH08GRZMOB-733040,103742215,CONJUNTO COM 2 CADEIRAS DE JANTAR ESMERALDA II CARAMELO E BEGE,CONJUNTO COM 2 CADEIRAS DE JANTAR ESMERALDA II CARAMELO E BEGE,21.541311,100.0,1336.39,884.82,CONJUNTO DE CADEIRAS,CONJUNTO DE MESA E CADEIRAS,MOBLY,NAO INFORMADO,MARROM,MARROM,2,2,MADEIRA TAUARI,NAO INFORMADO,NAO INFORMADO,NAO INFORMADO,NAO INFORMADO,NAO INFORMADO,NAO INFORMADO,NAO INFORMADO,NAO INFORMADO,NAO INFORMADO
MO173BE27LTKMOB-548482,31415455,CAMA BOX SOLTEIRO CONJUGADA UNYCO D28 ORTOPEDICO PRETA,CAMA BOX SOLTEIRO CONJUGADA UNYCO D28 ORTOPEDICO PRETA,20.465858,100.0,468.79,376.6,CAMAS BOX,CAMAS BOX,UNYCO,NAO INFORMADO,PRETO,PRETO,188 CM X 88 CM X 40 CM,NAO INFORMADO,D28,D28,ORTOPEDICO,NAO INFORMADO,SOLTEIRO,SOLTEIRO CONJUGADA,NAO INFORMADO,NAO INFORMADO,NAO INFORMADO,NAO INFORMADO
MO173BE67NMMMOB-771852,107550111,BASE PARA CAMA BOX QUEEN GULDI COM BAU LINHO 47X158X198 CM CINZA,CAMA BOX BAU QUEEN SINTETICO CINZA COLCHAO MOLAS ENSACADAS 63X158X198,10.627096,100.0,1412.96,1599.9,BASES PARA CAMA BOX,CAMAS BOX,MOBLY,NAO INFORMADO,CINZA,CINZA,NAO INFORMADO,63CM X 158CM X 198CM,SIM,NAO INFORMADO,198 CM X 158 CM X 47 CM,NAO INFORMADO,NAO INFORMADO,QUEEN,NAO INFORMADO,SIM,NAO INFORMADO,NAO INFORMADO
MO173BE70NMJMOB-771849,89813912,BASE PARA CAMA BOX CASAL GULDI COM BAU LINHO 47X138X188 CM AZUL MARINHO,SOFA CAMA CASAL RECLINAVEL COM BAU PAMELA AZUL MARINHO,16.37097,100.0,805.46,1011.04,BASES PARA CAMA BOX,SOFAS CAMA,MOBLY,NAO INFORMADO,AZUL,AZUL,NAO INFORMADO,NAO INFORMADO,SIM,SIM,188 CM X 138 CM X 47 CM,NAO INFORMADO,NAO INFORMADO,NAO INFORMADO,NAO INFORMADO,NAO INFORMADO,NAO INFORMADO,NAO INFORMADO
MO173BE72NMHMOB-771847,76778768,BASE PARA CAMA BOX CASAL GULDI COM BAU LINHO 47X138X188 CM CINZA,CAMA BOX BAU CASAL COLCHAO MOLAS ENSACADAS BOX CINZA,10.925499,100.0,787.46,965.03,BASES PARA CAMA BOX,CAMAS BOX,MOBLY,NAO INFORMADO,CINZA,CINZA,NAO INFORMADO,NAO INFORMADO,SIM,NAO INFORMADO,188 CM X 138 CM X 47 CM,NAO INFORMADO,NAO INFORMADO,CASAL,NAO INFORMADO,SIM,NAO INFORMADO,NAO INFORMADO
MO173CH10BLXMOB-488918,30495790,CADEIRA DE ESCRITORIO SECRETARIA GIRATORIA LIGHT PRETA,CADEIRA DE ESCRITORIO SECRETARIA GIRATORIA LIGHT PRETA,16.787977,100.0,485.98,448.82,CADEIRAS DE ESCRITORIO,CADEIRAS DE ESCRITORIO,MOBLY,NAO INFORMADO,PRETO,PRETO,NAO INFORMADO,NAO INFORMADO,SIM,SIM,NAO INFORMADO,NAO INFORMADO,"100CM X 60,5CM X 54,5CM",NAO INFORMADO,NAO INFORMADO,NAO INFORMADO,NAO INFORMADO,NAO INFORMADO
MO173CH11BLWMOB-488917,30495790,CADEIRA DE ESCRITORIO DIRETOR GIRATORIA LIGHT PRETA,CADEIRA DE ESCRITORIO SECRETARIA GIRATORIA LIGHT PRETA,14.840694,100.0,602.98,448.82,CADEIRAS DE ESCRITORIO,CADEIRAS DE ESCRITORIO,NAO INFORMADO,NAO INFORMADO,PRETO,PRETO,NAO INFORMADO,NAO INFORMADO,SIM,SIM,NAO INFORMADO,NAO INFORMADO,"119 CM X 61,5 CM X 61 CM",NAO INFORMADO,NAO INFORMADO,NAO INFORMADO,NAO INFORMADO,NAO INFORMADO
MO173CH16WLZMOB-862653,81361031,CADEIRA DE ESCRITORIO PRESIDENTE GIRATORIA COM RELAX CLARK PRETA,CADEIRA DE ESCRITORIO PRESIDENTE GIRATORIA COM RELAX CLARK PRETA,20.582212,100.0,886.48,539.14,CADEIRAS DE ESCRITORIO,CADEIRAS DE ESCRITORIO,KEVA,CLARK,PRETO,PRETO,NAO INFORMADO,NAO INFORMADO,SIM,SIM,SIM,SIM,125CM X 64CM X 68CM,NAO INFORMADO,NAO INFORMADO,NAO INFORMADO,NAO INFORMADO,NAO INFORMADO
MO173CH35NMAMOB-670789,41544839,BANQUETA GIRATORIA VENLO PRETA,BANQUETA GIRATORIA VENLO PRETA,14.52462,100.0,557.97,505.44,BANQUETAS,BANQUETAS,VENLO,NAO INFORMADO,PRETO,PRETO,SIM,SIM,MADEIRA COMPENSADA,NAO INFORMADO,NAO INFORMADO,NAO INFORMADO,NAO INFORMADO,NAO INFORMADO,NAO INFORMADO,NAO INFORMADO,NAO INFORMADO,NAO INFORMADO
MO173CH67IDCMOB-751205,57848649,CADEIRA DE ESCRITORIO DIRETOR GIRATORIA ANTONELLA BRANCA,CADEIRA DE ESCRITORIO DIRETOR GIRATORIA ANTONELLA BRANCA,17.813696,100.0,1304.98,1143.65,CADEIRAS DE ESCRITORIO,CADEIRAS DE ESCRITORIO,ANTONELLA,NAO INFORMADO,BRANCO,BRANCO,NAO INFORMADO,NAO INFORMADO,SIM,SIM,NAO INFORMADO,NAO INFORMADO,91-99 CM X 68 CM X 63 CM,NAO INFORMADO,NAO INFORMADO,NAO INFORMADO,NAO INFORMADO,NAO INFORMADO
MO173CH76CDVMOB-798614,70753807,BANQUETA GIRATORIA HARBOR MARROM,BANQUETA GIRATORIA HARBOR MARROM MARROM,15.047979,100.0,413.99,353.06,BANQUETAS,BANQUETAS,KEVA,NAO INFORMADO,MARROM,MARROM,SIM,SIM,METAL,NAO INFORMADO,NAO INFORMADO,NAO INFORMADO,NAO INFORMADO,NAO INFORMADO,NAO INFORMADO,NAO INFORMADO,NAO INFORMADO,NAO INFORMADO
MO173CH97OTQMOB-480480,80626177,CADEIRA DE ESCRITORIO PRESIDENTE GIRATORIA COM RELAX FINLAND PRETA,CADEIRA DE ESCRITORIO PRESIDENTE GIRATORIA COM RELAX FINLAND PRETA,20.507118,100.0,530.97,541.43,CADEIRAS DE ESCRITORIO,CADEIRAS DE ESCRITORIO,FINLAND,NAO INFORMADO,PRETO,PRETO,NAO INFORMADO,NAO INFORMADO,SIM,SIM,SIM,SIM,119CM X 70CM X 66CM,NAO INFORMADO,NAO INFORMADO,NAO INFORMADO,NAO INFORMADO,NAO INFORMADO
MO173MA07GZCMOB-1009527,84767796,COLCHAO SOLTEIRO HOWIE ESPUMA D33 17X88X188 BRANCO,COLCHAO SOLTEIRO HOWIE ESPUMA D33 17X88X188 BRANCO,20.13764,100.0,395.96,289.09,COLCHOES,COLCHOES,MOBLY,NAO INFORMADO,BRANCO,BRANCO,188 CM X 88 CM X 17 CM,17CM X 88CM X 188CM,D33,D33,NAO INFORMADO,NAO INFORMADO,SOLTEIRO,SOLTEIRO,NAO INFORMADO,NAO INFORMADO,NAO INFORMADO,NAO INFORMADO
MO173MA08GZBMOB-1009526,84767795,COLCHAO SOLTEIRO HOWIE ESPUMA D33 17X78X188 BRANCO,COLCHAO SOLTEIRO HOWIE ESPUMA D33 17X78X188 BRANCO,20.586712,100.0,319.39,253.81,COLCHOES,COLCHOES,MOBLY,NAO INFORMADO,BRANCO,BRANCO,188 CM X 78 CM X 17 CM,17CM X 78CM X 188CM,D33,D33,NAO INFORMADO,NAO INFORMADO,COLCHAO SOLTEIRO,SOLTEIRO,NAO INFORMADO,NAO INFORMADO,NAO INFORMADO,NAO INFORMADO
MO173UP03NRSMOB-391639,47481627,SOFA 4 LUGARES LIVING COM CHAISE ESQUERDO PE PALITO LINHO COTTON CRU,SOFA 4 LUGARES LIVING COM CHAISE ESQUERDO PE PALITO LINHO COTTON CRU,26.228516,100.0,2326.46,2628.23,SOFAS,SOFAS,MOBLY,NAO INFORMADO,NATURAL,NATURAL,4,4,NAO INFORMADO,NAO INFORMADO,LINHO RUSTICO,NAO INFORMADO,NAO INFORMADO,NAO INFORMADO,NAO INFORMADO,NAO INFORMADO,NAO INFORMADO,NAO INFORMADO
MO173UP27JZSMOB-769573,108956674,SOFA 3 LUGARES RETRATIL LUBECK LINHO CRU,SOFA 3 LUGARES RETRATIL MOON LINHO CRU 200 CM,15.593555,100.0,962.96,2088.53,SOFAS,SOFAS,MOBLY,NAO INFORMADO,NATURAL,NATURAL,3,3,SIM,SIM,LINHO,LINHO,NAO INFORMADO,200,NAO INFORMADO,NAO INFORMADO,NAO INFORMADO,NAO INFORMADO
MO173UP31JZOMOB-769569,69742731,SOFA 3 LUGARES RETRATIL LUBECK LINHO BEGE,SOFA 3 LUGARES RETRATIL LUBECK LINHO BEGE,16.414438,100.0,1034.96,872.78,SOFAS,SOFAS,MOBLY,NAO INFORMADO,MARROM,MARROM,3,3,SIM,SIM,LINHO,LINHO,NAO INFORMADO,NAO INFORMADO,NAO INFORMADO,NAO INFORMADO,NAO INFORMADO,NAO INFORMADO
MO173UP34GMFMOB-1147905,133587636,SOFA RETRATIL SEM CAIXA 3 LUGARES SOLOMONS LINHO GRAFITE,SOFA RETRATIL SEM CAIXA 3 LUGARES SOLOMONS LINHO BEGE 180 CM,16.407854,100.0,2641.39,1642.12,SOFAS,SOFAS,MOBLY,NAO INFORMADO,CINZA,MARROM,3,3,SIM,SIM,LINHO,LINHO,NAO INFORMADO,180,NAO INFORMADO,NAO INFORMADO,NAO INFORMADO,NAO INFORMADO
MO173UP37GMCMOB-1147902,134660961,SOFA RETRATIL SEM CAIXA 3 LUGARES SOLOMONS LINHO CRU,SOFA RETRATIL SEM CAIXA 3 LUGARES SOLOMONS LINHO CRU 214 CM,22.043123,100.0,2807.96,1866.97,SOFAS,SOFAS,SOLOMONS,NAO INFORMADO,NATURAL,NATURAL,3,3,SIM,SIM,LINHO,LINHO,NAO INFORMADO,214,NAO INFORMADO,NAO INFORMADO,NAO INFORMADO,NAO INFORMADO
MO173UP37YKGMOB-813085,103490920,SOFA 3 LUGARES RETRATIL BERNA LINHO CRU 180 CM,SOFA 3 LUGARES RETRATIL E RECLINAVEL MALTA LINHO CRU 180 CM,17.943645,100.0,1264.46,2249.26,SOFAS,SOFAS,MOBLY,NAO INFORMADO,NATURAL,NATURAL,3,3,SIM,SIM,LINHO,LINHO,180CM,180,NAO INFORMADO,NAO INFORMADO,NAO INFORMADO,NAO INFORMADO
MO173UP42VJDMOB-414460,75693186,SOFA 3 LUGARES BENY BASE DE MADEIRA LINHO COTTON CRU,SOFA 3 LUGARES BENY BASE DE MADEIRA LINHO COTTON CRU CRU,23.897541,100.0,1664.96,1710.24,SOFAS,SOFAS,MOBLY,NAO INFORMADO,NATURAL,NATURAL,3,3,NAO INFORMADO,NAO INFORMADO,LINHO COTTON,LINHO COTTON,NAO INFORMADO,NAO INFORMADO,NAO INFORMADO,NAO INFORMADO,NAO INFORMADO,NAO INFORMADO
MO173UP44OPBMOB-427479,24690895,SOFA CAMA 3 LUGARES CASAL PREMIUM BASE E PES DE MADEIRA SUEDE CINZA,SOFA CAMA 3 LUGARES CASAL PREMIUM BASE E PES DE MADEIRA SUEDE CINZA,19.888777,100.0,1604.62,1280.29,SOFAS CAMA,SOFAS CAMA,MOBLY,NAO INFORMADO,CINZA,CINZA,3,3,NAO INFORMADO,NAO INFORMADO,SUEDE,SUEDE,NAO INFORMADO,NAO INFORMADO,NAO INFORMADO,NAO INFORMADO,NAO INFORMADO,NAO INFORMADO
MO173UP49VIWMOB-414453,24063275,SOFA 3 LUGARES BENY BASE DE MADEIRA LINHO COTTON CINZA,SOFA 3 LUGARES BENY BASE DE MADEIRA LINHO COTTON CINZA,21.566633,100.0,1547.96,1709.47,SOFAS,SOFAS,MOBLY,NAO INFORMADO,CINZA,CINZA,3,3,NAO INFORMADO,NAO INFORMADO,LINHO COTTON,LINHO COTTON,NAO INFORMADO,NAO INFORMADO,NAO INFORMADO,NAO INFORMADO,NAO INFORMADO,NAO INFORMADO
MO173UP61GLEMOB-1147878,103490918,SOFA 3 LUGARES RETRATIL E RECLINAVEL LUPIN LINHO GRAFITE,SOFA 3 LUGARES RETRATIL E RECLINAVEL LUPIN LINHO GRAFITE,19.219719,100.0,2317.46,2488.62,SOFAS,SOFAS,MOBLY,NAO INFORMADO,CINZA,CINZA,3,3,SIM,SIM,LINHO,LINHO,NAO INFORMADO,NAO INFORMADO,NAO INFORMADO,NAO INFORMADO,NAO INFORMADO,NAO INFORMADO
MO173UP62GLDMOB-1147877,103172806,SOFA 3 LUGARES RETRATIL E RECLINAVEL LUPIN LINHO CINZA,SOFA 3 LUGARES RETRATIL E RECLINAVEL LUPIN LINHO CINZA,18.830048,100.0,2357.96,2123.28,SOFAS,SOFAS,MOBLY,NAO INFORMADO,CINZA,CINZA,3,3,SIM,SIM,LINHO,LINHO,NAO INFORMADO,NAO INFORMADO,NAO INFORMADO,NAO INFORMADO,NAO INFORMADO,NAO INFORMADO
MO173UP63GLCMOB-1147876,104499564,SOFA 3 LUGARES RETRATIL E RECLINAVEL LUPIN LINHO BEGE,SOFA 3 LUGARES RETRATIL E RECLINAVEL LUPIN LINHO BEGE,18.410105,100.0,2317.46,2473.48,SOFAS,SOFAS,MOBLY,NAO INFORMADO,MARROM,MARROM,3,3,SIM,SIM,LINHO,LINHO,NAO INFORMADO,NAO INFORMADO,NAO INFORMADO,NAO INFORMADO,NAO INFORMADO,NAO INFORMADO
MO173UP64GLBMOB-1147875,103139067,SOFA 3 LUGARES RETRATIL E RECLINAVEL LUPIN LINHO CRU,SOFA 3 LUGARES RETRATIL E RECLINAVEL LUPIN LINHO CRU,19.336805,100.0,2299.39,2434.66,SOFAS,SOFAS,MOBLY,NAO INFORMADO,NATURAL,NATURAL,3,3,SIM,SIM,LINHO,NAO INFORMADO,NAO INFORMADO,NAO INFORMADO,NAO INFORMADO,NAO INFORMADO,NAO INFORMADO,NAO INFORMADO
MO173UP78SQNMOB-412622,47675193,SOFA 4 LUGARES LIVING COM CHAISE ESQUERDO PES E BASE EM MADEIRA LINHO COTTON CRU,SOFA 4 LUGARES LIVING COM CHAISE ESQUERDO PES E BASE EM MADEIRA LINHO COTTON CRU,26.383972,100.0,2470.46,2227.98,SOFAS,SOFAS,MOBLY,NAO INFORMADO,NATURAL,NATURAL,4,4,NAO INFORMADO,NAO INFORMADO,LINHO,NAO INFORMADO,NAO INFORMADO,NAO INFORMADO,NAO INFORMADO,NAO INFORMADO,NAO INFORMADO,NAO INFORMADO
MO173UP79MZCMOB-531872,29428613,SOFA CAMA 2 LUGARES CASAL GENOVA CINZA ESCURO,SOFA CAMA 2 LUGARES CASAL GENOVA CINZA ESCURO,18.06616,100.0,1943.89,2303.92,SOFAS CAMA,SOFAS CAMA,KEVA,NAO INFORMADO,CINZA,CINZA,2,2,NAO INFORMADO,NAO INFORMADO,AVELUDADO 100% POLIESTER,NAO INFORMADO,NAO INFORMADO,NAO INFORMADO,NAO INFORMADO,NAO INFORMADO,NAO INFORMADO,NAO INFORMADO
MO173UP80MZBMOB-531871,97293326,SOFA CAMA 2 LUGARES CASAL GENOVA AZUL,SOFA CAMA 2 LUGARES CASAL GENOVA AZUL AZUL,18.173233,100.0,2429.98,1919.61,SOFAS CAMA,SOFAS CAMA,KEVA,NAO INFORMADO,AZUL,AZUL,2,2,NAO INFORMADO,NAO INFORMADO,AVELUDADO 100% POLIESTER,NAO INFORMADO,NAO INFORMADO,NAO INFORMADO,NAO INFORMADO,NAO INFORMADO,NAO INFORMADO,NAO INFORMADO
MO173UP83QHCMOB-1137013,103490920,SOFA 3 LUGARES RETRATIL E RECLINAVEL MALTA LINHO CRU 180 CM,SOFA 3 LUGARES RETRATIL E RECLINAVEL MALTA LINHO CRU 180 CM,22.380474,100.0,2924.89,2249.26,SOFAS,SOFAS,MODERN,NAO INFORMADO,NATURAL,NATURAL,3,3,SIM,SIM,LINHO,LINHO,180CM,180,NAO INFORMADO,NAO INFORMADO,NAO INFORMADO,NAO INFORMADO
MO173UP87XHOMOB-744075,48982254,SOFA 2 LUGARES RETRATIL LUBECK SUEDE PRETO 140 CM,SOFA 2 LUGARES RETRATIL LUBECK SUEDE PRETO 140 CM,20.518517,100.0,971.96,733.19,SOFAS,SOFAS,MOBLY,NAO INFORMADO,PRETO,PRETO,2,2,SIM,SIM,SUEDE,SUEDE,140CM,140,NAO INFORMADO,NAO INFORMADO,NAO INFORMADO,NAO INFORMADO
MO173UP89XHMMOB-744073,48934363,SOFA 2 LUGARES RETRATIL LUBECK SUEDE GRAFITE 140 CM,SOFA 2 LUGARES RETRATIL LUBECK SUEDE GRAFITE 140 CM,21.332361,100.0,850.46,834.88,SOFAS,SOFAS,MOBLY,NAO INFORMADO,CINZA,CINZA,2,2,SIM,SIM,SUEDE,SUEDE,140CM,140,NAO INFORMADO,NAO INFORMADO,NAO INFORMADO,NAO INFORMADO
MO173UP90XHLMOB-744072,49173654,SOFA 2 LUGARES RETRATIL LUBECK SUEDE BEGE 140 CM,SOFA 2 LUGARES RETRATIL LUBECK SUEDE BEGE 140 CM,20.522749,100.0,899.96,847.9,SOFAS,SOFAS,MOBLY,NAO INFORMADO,MARROM,MARROM,2,2,SIM,SIM,SUEDE,SUEDE,140CM,140,NAO INFORMADO,NAO INFORMADO,NAO INFORMADO,NAO INFORMADO
MO895BE79GOIMOB-1147960,103552213,CAMA BOX COM COLCHAO QUEEN SIGMA MOLAS ENSACADAS 22X158X198 BRANCO E CINZA,CAMA BOX COM COLCHAO QUEEN SIGMA MOLAS ENSACADAS 22X158X198 BRANCO E CINZA,27.489794,100.0,1226.58,1091.91,CAMAS BOX,CAMAS BOX,SIGMA,NAO INFORMADO,BRANCO CINZA,BRANCO CINZA,198 CM X 158 CM X 22 CM,22CM X 158CM X 198CM,D26,NAO INFORMADO,NAO INFORMADO,NAO INFORMADO,QUEEN,QUEEN,SIM,SIM,NAO INFORMADO,NAO INFORMADO
MO895BE81GOGMOB-1147958,103507746,CAMA BOX COM COLCHAO SOLTEIRAO SIGMA MOLAS ENSACADAS 22X108X198 BRANCO E CINZA,CAMA BOX COM COLCHAO CASAL SIGMA MOLAS ENSACADAS 22X138X188 BRANCO E CINZA,19.969282,100.0,827.96,1124.17,CAMAS BOX,CAMAS BOX,SIGMA,NAO INFORMADO,BRANCO CINZA,BRANCO CINZA,198 CM X 108 CM X 22 CM,22CM X 138CM X 188CM,D26,NAO INFORMADO,NAO INFORMADO,NAO INFORMADO,SOLTEIRAO,CASAL,SIM,SIM,NAO INFORMADO,NAO INFORMADO
MO895BE82GOFMOB-1147957,103507746,CAMA BOX COM COLCHAO SOLTEIRO SIGMA MOLAS ENSACADAS 22X88X188 BRANCO E CINZA,CAMA BOX COM COLCHAO CASAL SIGMA MOLAS ENSACADAS 22X138X188 BRANCO E CINZA,19.969282,100.0,691.99,1124.17,CAMAS BOX,CAMAS BOX,SIGMA,NAO INFORMADO,BRANCO CINZA,BRANCO CINZA,188 CM X 88 CM X 22 CM,22CM X 138CM X 188CM,D26,NAO INFORMADO,NAO INFORMADO,NAO INFORMADO,SOLTEIRO,CASAL,SIM,SIM,NAO INFORMADO,NAO INFORMADO
NE528TA64KDFMOB-718045,42243069,MESA DE JANTAR REDONDA COM TAMPO DE VIDRO ISABELA IPE E OFF WHITE 100 CM,MESA DE JANTAR REDONDA COM TAMPO DE VIDRO ISABELA IPE E OFF WHITE 100 CM,25.030687,100.0,728.89,670.9,MESAS DE JANTAR,MESAS DE JANTAR,NEW CEVAL,NAO INFORMADO,MARROM BRANCO,BRANCO,REDONDA,REDONDA,100 CM X 100 CM X 80 CM,100CM,VIDRO,VIDRO,NAO INFORMADO,NAO INFORMADO,NAO INFORMADO,NAO INFORMADO,NAO INFORMADO,NAO INFORMADO
NE528TA72UWDMOB-984126,102143053,MESA DE JANTAR REDONDA ISIS IMBUIA 117 CM,MESA DE JANTAR REDONDA ISIS IMBUIA 117 CM,18.679028,100.0,539.89,383.42,MESAS DE JANTAR,MESAS DE JANTAR,NEW CEVAL,NAO INFORMADO,MARROM,NAO INFORMADO,REDONDA,REDONDA,117 CM X 117 CM X 80 CM,117CM,MDF,NAO INFORMADO,NAO INFORMADO,NAO INFORMADO,NAO INFORMADO,NAO INFORMADO,NAO INFORMADO,NAO INFORMADO
OR067MA26ZQZMOB-557818,134263622,COLCHAO SOLTEIRO MISTO ISO 18X88X188 GRAFITE,COLCHAO SOLTEIRO MISTO ISO 18X88X188 GRAFITE,19.030384,100.0,435.57,280.68,COLCHOES,COLCHOES,ORTOBOM,NAO INFORMADO,CINZA,CINZA,188 CM X 88 CM X 18 CM,18CM X 88CM X 188CM,D33,NAO INFORMADO,NAO INFORMADO,NAO INFORMADO,SOLTEIRO,SOLTEIRO,NAO INFORMADO,NAO INFORMADO,NAO INFORMADO,NAO INFORMADO
OR067MA29HJAMOB-492877,23474412,COLCHAO SOLTEIRO MOLAS ENSACADA ELEGANT SUPERPOCKET 28X88X188 PRETO,COLCHAO SOLTEIRO MOLAS ENSACADA ELEGANT SUPERPOCKET 28X88X188 PRETO,24.05935,100.0,818.96,777.6,COLCHOES,COLCHOES,ORTOBOM,NAO INFORMADO,PRETO,PRETO,188 CM X 88 CM X 28 CM,28CM X 88CM X 188CM,D26,NAO INFORMADO,NAO INFORMADO,NAO INFORMADO,SOLTEIRO,SOLTEIRO,SIM,SIM,NAO INFORMADO,NAO INFORMADO
PR386RA16LHVMOB-753140,54368818,ESTANTE DIJON 2 PT 2 GV FREIJO E PRETA 216 CM,ESTANTE DIJON 2 PT 2 GV FREIJO E PRETA 216 CM,20.961405,100.0,1435.47,1015.41,ESTANTES,ESTANTES,PRADEL,NAO INFORMADO,MARROM PRETO,PRETO,216 CM X 185 CM X 32 CM,NAO INFORMADO,2,FREIJO,MDF,NAO INFORMADO,NAO INFORMADO,216CM,2,NAO INFORMADO,NAO INFORMADO,NAO INFORMADO
PR386RA17LHUMOB-753139,114473649,ESTANTE DIJON 1 PT 2 GV FREIJO E PRETA 145 CM,ESTANTE BRETANHA 1 PT 2 GV FREIJO E PRETA 145 CM,23.300013,100.0,977.29,993.16,ESTANTES,ESTANTES,PRADEL,NAO INFORMADO,MARROM PRETO,PRETO,"185 CM X 144,5 CM X 32 CM",NAO INFORMADO,2,FREIJO,MDF,NAO INFORMADO,NAO INFORMADO,145CM,1,2,NAO INFORMADO,1
PR386TA35KYEMOB-872147,71339845,ESCRIVANINHA ANAH 1 GV FREIJO E PRETA,ESCRIVANINHA COM ARMARIO ANAH 1 PT FREIJO E PRETA,14.15777,100.0,475.12,305.09,MESAS DE ESCRITORIO E ESCRIVANINHAS,MESAS DE ESCRITORIO E ESCRIVANINHAS,PRADEL,NAO INFORMADO,PRETO,PRETO,118 CM X 75 CM X 53 CM,NAO INFORMADO,MDF,NAO INFORMADO,NAO INFORMADO,NAO INFORMADO,NAO INFORMADO,NAO INFORMADO,NAO INFORMADO,NAO INFORMADO,NAO INFORMADO,NAO INFORMADO
PR386TA37KYCMOB-872145,128227388,MESA DE ESCRITORIO ANAH FREIJO E PRETA 135 CM,MESA DE ESCRITORIO ANAH FREIJO E PRETA 135 CM,17.099781,100.0,433.69,279.94,MESAS DE ESCRITORIO E ESCRIVANINHAS,MESAS DE ESCRITORIO E ESCRIVANINHAS,PRADEL,NAO INFORMADO,MARROM PRETO,PRETO,135 CM X 73 CM X 68 CM,135CM,MDF,NAO INFORMADO,NAO INFORMADO,NAO INFORMADO,NAO INFORMADO,NAO INFORMADO,NAO INFORMADO,NAO INFORMADO,NAO INFORMADO,NAO INFORMADO
RU994CL40LXRMOB-566104,27257392,GUARDA ROUPA CASAL LUCCA PREMIUM 6 PT IMBUIA,GUARDA ROUPA CASAL LUCCA PREMIUM 6 PT IMBUIA,15.122876,100.0,2303.98,1983.97,GUARDA ROUPAS,GUARDA ROUPAS,MOBLY,NAO INFORMADO,MARROM,NAO INFORMADO,273 CM X 235 CM X 56 CM,NAO INFORMADO,6,IMBUIA,MDF,NAO INFORMADO,NAO INFORMADO,NAO INFORMADO,6,NAO INFORMADO,NAO INFORMADO,6
RU994CL45ALMMOB-952845,74838351,GUARDA ROUPA SOLTEIRO MALIBU 4 PT 2 GV IMBUIA,GUARDA ROUPA SOLTEIRO COM ESPELHO LORD 4 PT 2 GV EBANO,12.257868,100.0,674.89,596.84,GUARDA ROUPAS,GUARDA ROUPAS,MODERN,NAO INFORMADO,MARROM,MARROM,200 CM X 121 CM X 47 CM,SIM,2,NAO INFORMADO,MDP,NAO INFORMADO,NAO INFORMADO,NAO INFORMADO,4,2,NAO INFORMADO,4
RU994CL45ALMMOB-952845,108892190,GUARDA ROUPA SOLTEIRO MALIBU 4 PT 2 GV IMBUIA,GUARDA ROUPA SOLTEIRO XANGAI 4 PT 2 GV IMBUIA,10.821536,100.0,674.89,401.86,GUARDA ROUPAS,GUARDA ROUPAS,MODERN,NAO INFORMADO,MARROM,NAO INFORMADO,200 CM X 121 CM X 47 CM,NAO INFORMADO,2,IMBUIA,MDP,NAO INFORMADO,NAO INFORMADO,NAO INFORMADO,4,4,NAO INFORMADO,2
RU994CL96WDVMOB-555451,68686196,GUARDA ROUPA CASAL MALIBU 6 PT IMBUIA E OFF WHITE,GUARDA ROUPA CASAL 6 PORTAS 2 GAVETAS MORELLA IMBUIA E OFF WHITE,13.719103,100.0,998.89,870.02,GUARDA ROUPAS,GUARDA ROUPAS,MODERN,NAO INFORMADO,BRANCO,BRANCO,"200 CM X 180 CM X 46,5 CM",NAO INFORMADO,2,MORELLA IMBUIA,MDP,NAO INFORMADO,NAO INFORMADO,NAO INFORMADO,6,2,NAO INFORMADO,6
RU994CL96WDVMOB-555451,94005330,GUARDA ROUPA CASAL MALIBU 6 PT IMBUIA E OFF WHITE,GUARDA ROUPA CASAL LAJEDO 6 PT IMBUIA E OFF WHITE,13.36519,100.0,998.89,1841.04,GUARDA ROUPAS,GUARDA ROUPAS,MODERN,NAO INFORMADO,BRANCO,BRANCO,"200 CM X 180 CM X 46,5 CM",NAO INFORMADO,2,IMBUIA,MDP,NAO INFORMADO,NAO INFORMADO,NAO INFORMADO,6,6,NAO INFORMADO,NAO INFORMADO
RU994TA28YNBMOB-574567,50362724,CONJUNTO DE MESA DE JANTAR BERLIM II COM TAMPO DE VIDRO OFF WHITE E 4 CADEIRAS GRECIA VELUDO CREME,CONJUNTO DE MESA DE JANTAR BERLIM II COM TAMPO DE VIDRO OFF WHITE E 4 CADEIRAS GRECIA VELUDO CREME,28.653475,100.0,1538.99,1617.1,CONJUNTO DE MESA E CADEIRAS,CONJUNTO DE MESA E CADEIRAS,MODERN,NAO INFORMADO,BRANCO,BRANCO,4,4,120 CM X 80 CM X 80 CM,NAO INFORMADO,MDF E VIDRO SERIGRAFADO TEMPERADO,VIDRO,NAO INFORMADO,NAO INFORMADO,NAO INFORMADO,NAO INFORMADO,NAO INFORMADO,NAO INFORMADO
VA979BE58RPXMOB-1051566,53381522,BASE PARA CAMA BOX CASAL ERICA COM BAU PRETA,CAMA BOX CASAL CONJUGADA ORTOPEDICO PRETA PREMIUM,8.316247,100.0,699.19,340.15,BASES PARA CAMA BOX,CAMAS BOX,CRA,NAO INFORMADO,PRETO,PRETO,NAO INFORMADO,NAO INFORMADO,SIM,NAO INFORMADO,188 CM X 138 CM X 42 CM,NAO INFORMADO,NAO INFORMADO,CASAL CONJUGADA,NAO INFORMADO,NAO INFORMADO,NAO INFORMADO,NAO INFORMADO
