sku,catalog_desc,id_product,similar_desc,elastic_score,normalized_score,preco_medio,categoria,marca,cor,atributo_1,atributo_2,atributo_3,atributo_4,atributo_5,atributo_6
7909903272879,ESTANTE HOME RIPADA PARA TV ATE 85 POLEGADAS COM LED 3 GAVETAS NOBRE CLEAN GELIUS MOVEIS,114104643,ESTANTE HOME RIPADA PARA TV ATE 85 POLEGADAS COM LED 3 GAVETAS NOBRE CLEAN GELIUS MOVEIS MARROMLE,33.9194,100.0,1534.96,ESTANTES,GELIUS MOVEIS,MARROM,NAO INFORMADO,NAO INFORMADO,NAO INFORMADO,NAO INFORMADO,3,NAO INFORMADO
7908308742543,GUARDA ROUPA 2 PORTAS 3 GAVETAS AVILA NOVO HORIZONTE,83525289,GUARDA ROUPA CASAL 2 PORTAS 4 GAVETAS ATENAS NOVO HORIZONTE BRANCO,19.304878,100.0,1114.24,GUARDA ROUPAS,NOVO HORIZONTE,BRANCO,NAO INFORMADO,NAO INFORMADO,NAO INFORMADO,NAO INFORMADO,4,2
7909903075975,GUARDA ROUPA 4 PORTAS 2 GAVETAS LOGAN MAMBEL,81510147,GUARDA ROUPA 4 PORTAS 2 GAVETAS LOGAN MAMBEL BRANCOOLMO,22.271103,100.0,1501.26,GUARDA ROUPAS,LOGAN MAMBEL,BRANCO,NAO INFORMADO,NAO INFORMADO,NAO INFORMADO,NAO INFORMADO,2,4
7908308742420,GUARDA ROUPA 6 PORTAS 6 GAVETAS COM ESPELHO RENO NOVO HORIZONTE,88970882,GUARDA ROUPA CASAL 6 PORTAS E 6 GAVETAS C ESPELHO ROBUST PLUS BRANCO NOVO HORIZONTE,23.261724,100.0,2620.98,GUARDA ROUPAS,NOVO HORIZONTE,BRANCO,SIM,NAO INFORMADO,NAO INFORMADO,NAO INFORMADO,6,6
7908308742451,GUARDA ROUPA 6 PORTAS 6 GAVETAS COM ESPELHO RENO NOVO HORIZONTE,88970882,GUARDA ROUPA CASAL 6 PORTAS E 6 GAVETAS C ESPELHO ROBUST PLUS BRANCO NOVO HORIZONTE,21.719452,100.0,2620.98,GUARDA ROUPAS,NOVO HORIZONTE,BRANCO,SIM,NAO INFORMADO,NAO INFORMADO,NAO INFORMADO,6,6
7908308742277,GUARDA ROUPA 6 PORTAS 6 GAVETAS RENO NOVO HORIZONTE,88970882,GUARDA ROUPA CASAL 6 PORTAS E 6 GAVETAS C ESPELHO ROBUST PLUS BRANCO NOVO HORIZONTE,18.247643,100.0,2620.98,GUARDA ROUPAS,NOVO HORIZONTE,BRANCO,SIM,NAO INFORMADO,NAO INFORMADO,NAO INFORMADO,6,6
7908167227984,GUARDA ROUPA CASAL 3 PORTAS 1 ESPELHO 100 MDF LONDON YESCASA,103265317,GUARDA ROUPA CASAL 3 PORTAS 1 ESPELHO 100 MDF LONDON YESCASA BRANCO YESCASA,23.31543,100.0,1445.33,GUARDA ROUPAS,YESCASA,BRANCO,SIM,MDF,NAO INFORMADO,NAO INFORMADO,NAO INFORMADO,3
7908308792012,GUARDA ROUPA CASAL 3 PORTAS 4 GAVETAS PLATA DEMOBILE,95748596,GUARDA ROUPA CASAL 3 PORTAS 4 GAVETAS PLATA DEMOBILE BRANCO,18.892696,100.0,923.62,GUARDA ROUPAS,DEMOBILE,BRANCO,NAO INFORMADO,NAO INFORMADO,NAO INFORMADO,NAO INFORMADO,4,3
7909903266175,GUARDA ROUPA CASAL 3 PORTAS 9 GAVETAS COM ESPELHO LUANA SALLETO MOVEIS,72677464,GUARDA ROUPA CASAL 3 PORTAS 9 GAVETAS COM ESPELHO LUANA SALLETO MOVEIS,22.968374,100.0,1105.31,GUARDA ROUPAS,LUANA SALLETO MOVEIS,NAO INFORMADO,SIM,NAO INFORMADO,NAO INFORMADO,NAO INFORMADO,9,3
7909903266151,GUARDA ROUPA CASAL 3 PORTAS 9 GAVETAS LUANA SALLETO MOVEIS,72370865,GUARDA ROUPA CASAL 3 PORTAS 9 GAVETAS LUANA SALLETO MOVEIS,22.21813,100.0,980.77,GUARDA ROUPAS,LUANA SALLETO MOVEIS,NAO INFORMADO,NAO INFORMADO,NAO INFORMADO,NAO INFORMADO,NAO INFORMADO,9,3
7909903250082,GUARDA ROUPA CASAL 3 PORTAS COM ESPELHO 4 GAVETAS COSTA RICA SALLETO MOVEIS,90091166,GUARDA ROUPA CASAL 3 PORTAS COM ESPELHO 4 GAVETAS COSTA RICA SALLETO MOVEIS CINAMOMOOFF,23.334652,100.0,1039.23,GUARDA ROUPAS,SALLETO MOVEIS,MARROM BRANCO,SIM,NAO INFORMADO,NAO INFORMADO,NAO INFORMADO,4,3
7909903263884,GUARDA ROUPA CASAL 8 PORTAS 4 GAVETAS COM PES PARIS ESPRESSO MOVEIS,103084116,GUARDA ROUPA CASAL 8 PORTAS 4 GAVETAS COM PES PARIS ESPRESSO MOVEIS PRETO ESPRESSO MOVEIS,27.632902,100.0,959.76,GUARDA ROUPAS,ESPRESSO MOVEIS,PRETO,NAO INFORMADO,NAO INFORMADO,SIM,NAO INFORMADO,4,8
7909903264690,GUARDA ROUPA CASAL 8 PORTAS 4 GAVETAS COM PES PARIS ESPRESSO MOVEIS,103084116,GUARDA ROUPA CASAL 8 PORTAS 4 GAVETAS COM PES PARIS ESPRESSO MOVEIS PRETO ESPRESSO MOVEIS,27.632902,100.0,959.76,GUARDA ROUPAS,ESPRESSO MOVEIS,PRETO,NAO INFORMADO,NAO INFORMADO,SIM,NAO INFORMADO,4,8
7909903263846,GUARDA ROUPA CASAL 8 PORTAS 4 GAVETAS PARIS ESPRESSO MOVEIS,103084116,GUARDA ROUPA CASAL 8 PORTAS 4 GAVETAS COM PES PARIS ESPRESSO MOVEIS PRETO ESPRESSO MOVEIS,25.7984,100.0,959.76,GUARDA ROUPAS,ESPRESSO MOVEIS,PRETO,NAO INFORMADO,NAO INFORMADO,SIM,NAO INFORMADO,4,8
7909903263853,GUARDA ROUPA CASAL 8 PORTAS 4 GAVETAS PARIS ESPRESSO MOVEIS,103084116,GUARDA ROUPA CASAL 8 PORTAS 4 GAVETAS COM PES PARIS ESPRESSO MOVEIS PRETO ESPRESSO MOVEIS,23.874971,100.0,959.76,GUARDA ROUPAS,ESPRESSO MOVEIS,PRETO,NAO INFORMADO,NAO INFORMADO,SIM,NAO INFORMADO,4,8
7909903264669,GUARDA ROUPA CASAL 8 PORTAS 4 GAVETAS PARIS ESPRESSO MOVEIS,103084116,GUARDA ROUPA CASAL 8 PORTAS 4 GAVETAS COM PES PARIS ESPRESSO MOVEIS PRETO ESPRESSO MOVEIS,23.874971,100.0,959.76,GUARDA ROUPAS,ESPRESSO MOVEIS,PRETO,NAO INFORMADO,NAO INFORMADO,SIM,NAO INFORMADO,4,8
7909903264683,GUARDA ROUPA CASAL 8 PORTAS 4 GAVETAS PARIS ESPRESSO MOVEIS,103084116,GUARDA ROUPA CASAL 8 PORTAS 4 GAVETAS COM PES PARIS ESPRESSO MOVEIS PRETO ESPRESSO MOVEIS,23.874971,100.0,959.76,GUARDA ROUPAS,ESPRESSO MOVEIS,PRETO,NAO INFORMADO,NAO INFORMADO,SIM,NAO INFORMADO,4,8
7908308743007,GUARDA ROUPA CASAL COM ESPELHO 3 PORTAS 6 GAVETAS MONTREAL NOVO HORIZONTE,96395236,GUARDA ROUPA CASAL COM ESPELHO 3 PORTAS 6 GAVETAS WOOD NOVO HORIZONTE BRANCO,21.594795,100.0,1953.7,GUARDA ROUPAS,NOVO HORIZONTE,BRANCO,SIM,WOOD,NAO INFORMADO,NAO INFORMADO,6,3
7908308742147,GUARDA ROUPA CASAL COM ESPELHO 3 PORTAS 6 GAVETAS VEGAS,96395236,GUARDA ROUPA CASAL COM ESPELHO 3 PORTAS 6 GAVETAS WOOD NOVO HORIZONTE BRANCO,18.803814,100.0,1953.7,GUARDA ROUPAS,NOVO HORIZONTE,BRANCO,SIM,WOOD,NAO INFORMADO,NAO INFORMADO,6,3
7908506254497,GUARDA ROUPA CASAL 3 PORTAS COM ESPELHO CENTRAL E 4 GAVETAS COSTA RICA SALLETO MOVEIS,69578910,GUARDA ROUPA CASAL 3 PORTAS COM ESPELHO CENTRAL E 4 GAVETAS COSTA RICA SALLETO MOVEIS BRANCO,26.910563,100.0,950.9,GUARDA ROUPAS,SALLETO MOVEIS,BRANCO,SIM,NAO INFORMADO,NAO INFORMADO,NAO INFORMADO,4,3
7908506254541,GUARDA ROUPA CASAL 3 PORTAS COM ESPELHO CENTRAL E 4 GAVETAS COSTA RICA SALLETO MOVEIS,69578910,GUARDA ROUPA CASAL 3 PORTAS COM ESPELHO CENTRAL E 4 GAVETAS COSTA RICA SALLETO MOVEIS BRANCO,25.36829,100.0,950.9,GUARDA ROUPAS,SALLETO MOVEIS,BRANCO,SIM,NAO INFORMADO,NAO INFORMADO,NAO INFORMADO,4,3
7899001713445,GUARDA ROUPA CASAL 6 PORTAS 2 GAVETAS PARIS ESPRESSO MOVEIS,103324502,GUARDA ROUPA CASAL 6 PORTAS 2 GAVETAS SANTAREM ESPRESSO MOVEIS MARROCOSOFF WHITE,22.750252,100.0,719.76,GUARDA ROUPAS,ESPRESSO MOVEIS,BRANCO,NAO INFORMADO,NAO INFORMADO,NAO INFORMADO,NAO INFORMADO,2,6
7908506206960,GUARDA ROUPA CASAL 6 PORTAS FALCO YESCASA,63012699,GUARDA ROUPA CASAL 6 PORTAS FALCO YESCASA BRANCO,17.067707,100.0,448.52,GUARDA ROUPAS,FALCO YESCASA,BRANCO,NAO INFORMADO,NAO INFORMADO,NAO INFORMADO,NAO INFORMADO,NAO INFORMADO,6
7908506207042,GUARDA ROUPA CASAL 6 PORTAS FALCO YESCASA,63618655,GUARDA ROUPA CASAL 6 PORTAS FALCO YESCASA AVENA,15.665367,100.0,392.94,GUARDA ROUPAS,FALCO YESCASA,NAO INFORMADO,NAO INFORMADO,NAO INFORMADO,NAO INFORMADO,NAO INFORMADO,NAO INFORMADO,6
7898602824031,GUARDA ROUPA CASAL COM ESPELHO 3 PORTAS DE CORRER FLORIDA ESPRESSO MOVEIS,95354630,GUARDA ROUPA CASAL 3 PORTAS 4 GAVETAS COM 8 PES TAIFA ESPRESSO MOVEIS CINAMOMOOFF WHITE,18.353735,100.0,1315.78,GUARDA ROUPAS,ESPRESSO MOVEIS,MARROM BRANCO,NAO INFORMADO,NAO INFORMADO,SIM,NAO INFORMADO,4,3
7898602825663,GUARDA ROUPA CASAL COM ESPELHO 3 PORTAS DE CORRER ILHEUS PREMIUM ESPRESSO MOVEIS,95354630,GUARDA ROUPA CASAL 3 PORTAS 4 GAVETAS COM 8 PES TAIFA ESPRESSO MOVEIS CINAMOMOOFF WHITE,18.353735,100.0,1315.78,GUARDA ROUPAS,ESPRESSO MOVEIS,MARROM BRANCO,NAO INFORMADO,NAO INFORMADO,SIM,NAO INFORMADO,4,3
7909903202005,RACK COM PAINEL RIPADO PARA TV ATE 85 POLEGADAS LED 3 GAVETAS COM RODIZIOS 230CM GELIUS NATURALE,134656410,RACK COM PAINEL RIPADO PARA TV ATE 75 POLEGADAS LED 3 GAVETAS COM PES 230CM NOBRE GELIUS 100 MDF,28.961052,100.0,2211.18,RACKS COM PAINEIS,GELIUS 100,NAO INFORMADO,NAO INFORMADO,MDF,SIM,230CM,3,NAO INFORMADO
7908161530677,GUARDA ROUPA CASAL COM ESPELHO 3 PORTAS 4 GAVETAS 1885CM VIENA YESCASA,103084120,GUARDA ROUPA CASAL COM ESPELHO 3 PORTAS 4 GAVETAS 1885CM VIENA YESCASA BRANCO YESCASA,20.874115,100.0,957.66,GUARDA ROUPAS,YESCASA,BRANCO,SIM,NAO INFORMADO,NAO INFORMADO,NAO INFORMADO,4,3
GE238CL72HRVMOB-545758,ARMARIO MULTIUSO XANGAI 2 PT BRANCA,87773441,ARMARIO MULTIUSO XANGAI 2 PT BRANCA,14.514758,100.0,206.69,ARMARIOS,NAO INFORMADO,BRANCO,NAO INFORMADO,NAO INFORMADO,NAO INFORMADO,NAO INFORMADO,NAO INFORMADO,2
GE995CL54TINMOB-948054,ARMARIO MULTIUSO XANGAI 2 PT PRETO,76772536,ARMARIO MULTIUSO XANGAI 2 PORTAS PRETO FOSCO GENIALFLEX,21.218054,100.0,234.83,ARMARIOS,GENIALFLEX,PRETO,NAO INFORMADO,NAO INFORMADO,NAO INFORMADO,NAO INFORMADO,NAO INFORMADO,2
DE626CL68COPMOB-849601,BALCAO DE COZINHA DAMA COM TAMPO 3 PT 1 GV AMENDOLA E BRANCO,114327538,BALCAO DE COZINHA COM TAMPO 3 PORTAS E 1 GAVETA DEMOBILE DAMA AMENDOLA E BRANCO,19.573185,100.0,206.46,BALCOES,NAO INFORMADO,MARROM BRANCO,NAO INFORMADO,NAO INFORMADO,NAO INFORMADO,NAO INFORMADO,1,3
PR386RA17LHUMOB-753139,ESTANTE DIJON 1 PT 2 GV FREIJO E PRETA 145 CM,114473649,ESTANTE BRETANHA 1 PT 2 GV FREIJO E PRETA 145 CM,23.300013,100.0,993.16,ESTANTES,NAO INFORMADO,PRETO,NAO INFORMADO,FREIJO,NAO INFORMADO,145CM,2,1
PR386RA16LHVMOB-753140,ESTANTE DIJON 2 PT 2 GV FREIJO E PRETA 216 CM,54368818,ESTANTE DIJON 2 PT 2 GV FREIJO E PRETA 216 CM,20.961405,100.0,1015.41,ESTANTES,NAO INFORMADO,PRETO,NAO INFORMADO,FREIJO,NAO INFORMADO,216CM,NAO INFORMADO,NAO INFORMADO
DE626CL53BLMMOB-798177,GUARDA ROUPA CASAL ATRICE 6 PT 6 GV AMENDOLA E GRAFITO,60277935,GUARDA ROUPA CASAL ATRICE 6 PT 6 GV AMENDOLA E GRAFITO,20.974163,100.0,1788.18,GUARDA ROUPAS,NAO INFORMADO,MARROM CINZA,NAO INFORMADO,NAO INFORMADO,NAO INFORMADO,NAO INFORMADO,6,6
DE626CL54BLLMOB-798176,GUARDA ROUPA CASAL ATTORE 4 PT 3 GV AMENDOLA E GRAFITO,84825443,GUARDA ROUPA CASAL COM 2 ESPELHOS ATTORE 4 PT 3 GV AMENDOLA E GRAFITO,16.379421,100.0,1780.62,GUARDA ROUPAS,NAO INFORMADO,MARROM CINZA,SIM,NAO INFORMADO,NAO INFORMADO,NAO INFORMADO,3,4
DE626CL43PXWMOB-790590,GUARDA ROUPA CASAL BELGA 2 PT 3 GV GRAFITO E AMENDOLA,59605276,GUARDA ROUPA CASAL BELGA 2 PT 3 GV GRAFITO E AMENDOLA,19.90819,100.0,1705.61,GUARDA ROUPAS,NAO INFORMADO,CINZA MARROM,NAO INFORMADO,NAO INFORMADO,NAO INFORMADO,NAO INFORMADO,3,2
DE626CL88UNVMOB-983910,GUARDA ROUPA CASAL COM 2 ESPELHOS ATTORE 4 PT 3 GV AMENDOLA E GRAFITO,84825443,GUARDA ROUPA CASAL COM 2 ESPELHOS ATTORE 4 PT 3 GV AMENDOLA E GRAFITO,20.813997,100.0,1780.62,GUARDA ROUPAS,NAO INFORMADO,MARROM CINZA,SIM,NAO INFORMADO,NAO INFORMADO,NAO INFORMADO,3,4
EV166CL63DFSMOB-1024481,GUARDA ROUPA CASAL COM ESPELHO CAPELINHA 4 PT 2 GV BRANCO,114300274,GUARDA ROUPA SOLTEIRO COM ESPELHO CAPELINHA 2 PT 2 GV BRANCO,14.816825,100.0,593.86,GUARDA ROUPAS,NAO INFORMADO,BRANCO,SIM,NAO INFORMADO,NAO INFORMADO,NAO INFORMADO,2,2
RU994CL40LXRMOB-566104,GUARDA ROUPA CASAL LUCCA PREMIUM 6 PT IMBUIA,27257392,GUARDA ROUPA CASAL LUCCA PREMIUM 6 PT IMBUIA,15.122876,100.0,1983.97,GUARDA ROUPAS,NAO INFORMADO,NAO INFORMADO,NAO INFORMADO,IMBUIA,NAO INFORMADO,NAO INFORMADO,NAO INFORMADO,6
RU994CL96WDVMOB-555451,GUARDA ROUPA CASAL MALIBU 6 PT IMBUIA E OFF WHITE,68686196,GUARDA ROUPA CASAL 6 PORTAS 2 GAVETAS MORELLA IMBUIA E OFF WHITE,13.719103,100.0,870.02,GUARDA ROUPAS,NAO INFORMADO,BRANCO,NAO INFORMADO,MORELLA IMBUIA,NAO INFORMADO,NAO INFORMADO,2,6
AR996CL75WCYMOB-450138,GUARDA ROUPA CLOSET MODULADO BARCELONA DEMOLICAO,19146098,GUARDA ROUPA CLOSET MODULADO BARCELONA DEMOLICAO,12.873157,100.0,600.43,GUARDA ROUPAS,NAO INFORMADO,NAO INFORMADO,NAO INFORMADO,NAO INFORMADO,NAO INFORMADO,NAO INFORMADO,NAO INFORMADO,NAO INFORMADO
RU994CL45ALMMOB-952845,GUARDA ROUPA SOLTEIRO MALIBU 4 PT 2 GV IMBUIA,74838351,GUARDA ROUPA SOLTEIRO COM ESPELHO LORD 4 PT 2 GV EBANO,12.257868,100.0,596.84,GUARDA ROUPAS,NAO INFORMADO,MARROM,SIM,NAO INFORMADO,NAO INFORMADO,NAO INFORMADO,2,4
IM630RA72YUDMOB-522356,RACK CLASSIC I 3 GV BRANCO ACETINADO 218 CM,21687741,RACK CLASSIC I 3 GV BRANCO ACETINADO 218 CM,19.985798,100.0,803.37,RACKS,NAO INFORMADO,BRANCO,NAO INFORMADO,NAO INFORMADO,NAO INFORMADO,218CM,3,NAO INFORMADO
LI729RA06OKFMOB-1101348,RACK COM PAINEL PARA TV ATE 75 POLEGADAS OURO PRETO 2 PT 2 GV NATURE E OFF WHITE,99379255,RACK COM PAINEL PARA TV ATE 75 POLEGADAS OURO PRETO 1 PT 2 GV NATURE E OFF WHITE,26.001085,100.0,2249.96,RACKS COM PAINEIS,NAO INFORMADO,AMARELO PRETO,NAO INFORMADO,NAO INFORMADO,SIM,NAO INFORMADO,2,1
DA270RA04UOXMOB-1088070,RACK LOREN 1 PT 2 GV FREIJO 220 CM,111782511,RACK PARA TV DE ATE 60QUOT 2 GAVETAS 220 CM 1 PORTA DE CORRER FREIJO DALLA COSTA,27.871984,100.0,927.5,RACKS,DALLA COSTA,NAO INFORMADO,NAO INFORMADO,FREIJO,NAO INFORMADO,220CM,2,1
MO895BE79GOIMOB-1147960,CAMA BOX COM COLCHAO QUEEN SIGMA MOLAS ENSACADAS 22X158X198 BRANCO E CINZA,103552213,CAMA BOX COM COLCHAO QUEEN SIGMA MOLAS ENSACADAS 22X158X198 BRANCO E CINZA,27.489794,100.0,1091.91,CAMAS BOX,NAO INFORMADO,BRANCO CINZA,22CM X 158CM X 198CM,NAO INFORMADO,NAO INFORMADO,QUEEN,SIM,NAO INFORMADO
MO895BE81GOGMOB-1147958,CAMA BOX COM COLCHAO SOLTEIRAO SIGMA MOLAS ENSACADAS 22X108X198 BRANCO E CINZA,103507746,CAMA BOX COM COLCHAO CASAL SIGMA MOLAS ENSACADAS 22X138X188 BRANCO E CINZA,19.969282,100.0,1124.17,CAMAS BOX,NAO INFORMADO,BRANCO CINZA,22CM X 138CM X 188CM,NAO INFORMADO,NAO INFORMADO,CASAL,SIM,NAO INFORMADO
MO895BE82GOFMOB-1147957,CAMA BOX COM COLCHAO SOLTEIRO SIGMA MOLAS ENSACADAS 22X88X188 BRANCO E CINZA,103507746,CAMA BOX COM COLCHAO CASAL SIGMA MOLAS ENSACADAS 22X138X188 BRANCO E CINZA,19.969282,100.0,1124.17,CAMAS BOX,NAO INFORMADO,BRANCO CINZA,22CM X 138CM X 188CM,NAO INFORMADO,NAO INFORMADO,CASAL,SIM,NAO INFORMADO
MO173BE27LTKMOB-548482,CAMA BOX SOLTEIRO CONJUGADA UNYCO D28 ORTOPEDICO PRETA,31415455,CAMA BOX SOLTEIRO CONJUGADA UNYCO D28 ORTOPEDICO PRETA,20.465858,100.0,376.6,CAMAS BOX,NAO INFORMADO,PRETO,NAO INFORMADO,D28,NAO INFORMADO,SOLTEIRO CONJUGADA,NAO INFORMADO,NAO INFORMADO
GU364AC33MYSMOB-1065519,COLCHAO CASAL GULDI DREAM MOLA ENSACADA 30X138X188 CINZA E BRANCO,95704281,COLCHAO CASAL GULDI DREAM MOLA ENSACADA 30X138X188 CINZA E BRANCO,30.714151,100.0,2173.5,COLCHOES,NAO INFORMADO,CINZA BRANCO,30CM X 138CM X 188CM,NAO INFORMADO,NAO INFORMADO,CASAL,SIM,NAO INFORMADO
GU364MA53ECGMOB-1007583,COLCHAO CASAL GULDI DUPLO PLUS D28 16X138X188 BRANCO E AZUL,90968557,COLCHAO KING GULDI DUPLO PLUS D28 16X193X203 BRANCO E AZUL,29.340513,100.0,819.17,COLCHOES,GULDI,BRANCO AZUL,16CM X 193CM X 203CM,D28,NAO INFORMADO,KING,NAO INFORMADO,NAO INFORMADO
GU364UP32VFFMOB-624274,COLCHAO CASAL MOLA ENSACADA GULDI FIRME 25X138X188 AZUL E BRANCO,30128450,COLCHAO CASAL MOLA ENSACADA GULDI FIRME 25X138X188 AZUL E BRANCO,34.368866,100.0,1916.8,COLCHOES,GULDI,AZUL BRANCO,NAO INFORMADO,NAO INFORMADO,FIRME,CASAL,SIM,NAO INFORMADO
GU364BE42XONMOB-556403,COLCHAO CASAL MOLA ENSACADA GULDI MACIO 25X138X188 AZUL E BRANCO,29889586,COLCHAO CASAL MOLA ENSACADA GULDI MACIO 25X138X188 AZUL E BRANCO,37.197453,100.0,2094.44,COLCHOES,GULDI,AZUL BRANCO,25CM X 138CM X 188CM,NAO INFORMADO,MOLA,CASAL,SIM,NAO INFORMADO
GU364UP30VFHMOB-624276,COLCHAO KING MOLA ENSACADA GULDI FIRME 25X193X203 AZUL E BRANCO,29747688,COLCHAO KING MOLA ENSACADA GULDI FIRME 25X193X203 AZUL E BRANCO,36.241123,100.0,1782.76,COLCHOES,NAO INFORMADO,AZUL BRANCO,25CM X 193CM X 203CM,NAO INFORMADO,FIRME,KING,SIM,NAO INFORMADO
GU364BE40XOPMOB-556405,COLCHAO KING MOLA ENSACADA GULDI MACIO 25X193X203 AZUL E BRANCO,30949148,COLCHAO KING MOLA ENSACADA GULDI MACIO 25X193X203 AZUL E BRANCO,38.11189,100.0,1850.41,COLCHOES,GULDI,AZUL BRANCO,NAO INFORMADO,NAO INFORMADO,MACIO,KING,SIM,NAO INFORMADO
GU364MA70CWRMOB-1076164,COLCHAO QUEEN GULDI DREAM MOLA ENSACADA 30X158X198 CINZA E BRANCO,93194523,COLCHAO QUEEN GULDI DREAM MOLA ENSACADA 30X158X198 CINZA E BRANCO,27.975557,100.0,2288.82,COLCHOES,NAO INFORMADO,CINZA BRANCO,30CM X 158CM X 198CM,NAO INFORMADO,NAO INFORMADO,QUEEN,SIM,NAO INFORMADO
GU364UP31VFGMOB-624275,COLCHAO QUEEN MOLA ENSACADA GULDI FIRME 25X158X198 AZUL E BRANCO,28772989,COLCHAO QUEEN MOLA ENSACADA GULDI MACIO 25X158X198 AZUL E BRANCO,36.38057,100.0,1836.88,COLCHOES,GULDI,AZUL BRANCO,25CM X 158CM X 198CM,NAO INFORMADO,MACIO,QUEEN,SIM,NAO INFORMADO
GU364BE41XOOMOB-556404,COLCHAO QUEEN MOLA ENSACADA GULDI MACIO 25X158X198 AZUL E BRANCO,28772989,COLCHAO QUEEN MOLA ENSACADA GULDI MACIO 25X158X198 AZUL E BRANCO,39.30706,100.0,1836.88,COLCHOES,GULDI,AZUL BRANCO,25CM X 158CM X 198CM,NAO INFORMADO,MACIO,QUEEN,SIM,NAO INFORMADO
GU364MA56ECDMOB-1007580,COLCHAO SOLTEIRO GULDI DUPLO PLUS D28 16X88X188 BRANCO E AZUL,90968557,COLCHAO KING GULDI DUPLO PLUS D28 16X193X203 BRANCO E AZUL,29.62038,100.0,819.17,COLCHOES,GULDI,BRANCO AZUL,16CM X 193CM X 203CM,D28,NAO INFORMADO,KING,NAO INFORMADO,NAO INFORMADO
MO173MA08GZBMOB-1009526,COLCHAO SOLTEIRO HOWIE ESPUMA D33 17X78X188 BRANCO,84767795,COLCHAO SOLTEIRO HOWIE ESPUMA D33 17X78X188 BRANCO,20.586712,100.0,253.81,COLCHOES,NAO INFORMADO,BRANCO,17CM X 78CM X 188CM,D33,NAO INFORMADO,SOLTEIRO,NAO INFORMADO,NAO INFORMADO
MO173MA07GZCMOB-1009527,COLCHAO SOLTEIRO HOWIE ESPUMA D33 17X88X188 BRANCO,84767796,COLCHAO SOLTEIRO HOWIE ESPUMA D33 17X88X188 BRANCO,20.13764,100.0,289.09,COLCHOES,NAO INFORMADO,BRANCO,17CM X 88CM X 188CM,D33,NAO INFORMADO,SOLTEIRO,NAO INFORMADO,NAO INFORMADO
OR067MA26ZQZMOB-557818,COLCHAO SOLTEIRO MISTO ISO 18X88X188 GRAFITE,134263622,COLCHAO SOLTEIRO MISTO ISO 18X88X188 GRAFITE,19.030384,100.0,280.68,COLCHOES,NAO INFORMADO,CINZA,18CM X 88CM X 188CM,NAO INFORMADO,NAO INFORMADO,SOLTEIRO,NAO INFORMADO,NAO INFORMADO
GU364UP34VFDMOB-624272,COLCHAO SOLTEIRO MOLA ENSACADA GULDI FIRME 25X88X188 AZUL E BRANCO,30128450,COLCHAO CASAL MOLA ENSACADA GULDI FIRME 25X138X188 AZUL E BRANCO,28.047665,100.0,1916.8,COLCHOES,GULDI,AZUL BRANCO,NAO INFORMADO,NAO INFORMADO,FIRME,CASAL,SIM,NAO INFORMADO
GU364BE44XOLMOB-556401,COLCHAO SOLTEIRO MOLA ENSACADA GULDI MACIO 25X88X188 AZUL E BRANCO,28772989,COLCHAO QUEEN MOLA ENSACADA GULDI MACIO 25X158X198 AZUL E BRANCO,30.50981,100.0,1836.88,COLCHOES,GULDI,AZUL BRANCO,25CM X 158CM X 198CM,NAO INFORMADO,MACIO,QUEEN,SIM,NAO INFORMADO
OR067MA29HJAMOB-492877,COLCHAO SOLTEIRO MOLAS ENSACADA ELEGANT SUPERPOCKET 28X88X188 PRETO,23474412,COLCHAO SOLTEIRO MOLAS ENSACADA ELEGANT SUPERPOCKET 28X88X188 PRETO,24.05935,100.0,777.6,COLCHOES,NAO INFORMADO,PRETO,28CM X 88CM X 188CM,NAO INFORMADO,NAO INFORMADO,SOLTEIRO,SIM,NAO INFORMADO
PR386RA17LHUMOB-753139,ESTANTE DIJON 1 PT 2 GV FREIJO E PRETA 145 CM,114473649,ESTANTE BRETANHA 1 PT 2 GV FREIJO E PRETA 145 CM,17.200663,100.0,993.16,ESTANTES,NAO INFORMADO,PRETO,NAO INFORMADO,FREIJO,NAO INFORMADO,145CM,2,1
PR386RA16LHVMOB-753140,ESTANTE DIJON 2 PT 2 GV FREIJO E PRETA 216 CM,54368818,ESTANTE DIJON 2 PT 2 GV FREIJO E PRETA 216 CM,20.288311,100.0,1015.41,ESTANTES,NAO INFORMADO,PRETO,NAO INFORMADO,FREIJO,NAO INFORMADO,216CM,NAO INFORMADO,NAO INFORMADO
DE626CL53BLMMOB-798177,GUARDA ROUPA CASAL ATRICE 6 PT 6 GV AMENDOLA E GRAFITO,60277935,GUARDA ROUPA CASAL ATRICE 6 PT 6 GV AMENDOLA E GRAFITO,18.627975,100.0,1788.18,GUARDA ROUPAS,NAO INFORMADO,MARROM CINZA,NAO INFORMADO,NAO INFORMADO,NAO INFORMADO,NAO INFORMADO,6,6
DE626CL54BLLMOB-798176,GUARDA ROUPA CASAL ATTORE 4 PT 3 GV AMENDOLA E GRAFITO,84825443,GUARDA ROUPA CASAL COM 2 ESPELHOS ATTORE 4 PT 3 GV AMENDOLA E GRAFITO,12.804425,100.0,1780.62,GUARDA ROUPAS,NAO INFORMADO,MARROM CINZA,SIM,NAO INFORMADO,NAO INFORMADO,NAO INFORMADO,3,4
DE626CL43PXWMOB-790590,GUARDA ROUPA CASAL BELGA 2 PT 3 GV GRAFITO E AMENDOLA,59605276,GUARDA ROUPA CASAL BELGA 2 PT 3 GV GRAFITO E AMENDOLA,15.707245,100.0,1705.61,GUARDA ROUPAS,NAO INFORMADO,CINZA MARROM,NAO INFORMADO,NAO INFORMADO,NAO INFORMADO,NAO INFORMADO,3,2
DE626CL88UNVMOB-983910,GUARDA ROUPA CASAL COM 2 ESPELHOS ATTORE 4 PT 3 GV AMENDOLA E GRAFITO,84825443,GUARDA ROUPA CASAL COM 2 ESPELHOS ATTORE 4 PT 3 GV AMENDOLA E GRAFITO,15.655772,100.0,1780.62,GUARDA ROUPAS,NAO INFORMADO,MARROM CINZA,SIM,NAO INFORMADO,NAO INFORMADO,NAO INFORMADO,3,4
EV166CL63DFSMOB-1024481,GUARDA ROUPA CASAL COM ESPELHO CAPELINHA 4 PT 2 GV BRANCO,86337413,GUARDA ROUPA CASAL COM ESPELHO CAPELINHA 4 PT 2 GV BRANCO,14.76649,100.0,601.29,GUARDA ROUPAS,NAO INFORMADO,BRANCO,SIM,NAO INFORMADO,NAO INFORMADO,NAO INFORMADO,4,NAO INFORMADO
RU994CL40LXRMOB-566104,GUARDA ROUPA CASAL LUCCA PREMIUM 6 PT IMBUIA,27257392,GUARDA ROUPA CASAL LUCCA PREMIUM 6 PT IMBUIA,12.776689,100.0,1983.97,GUARDA ROUPAS,NAO INFORMADO,NAO INFORMADO,NAO INFORMADO,IMBUIA,NAO INFORMADO,NAO INFORMADO,NAO INFORMADO,6
RU994CL96WDVMOB-555451,GUARDA ROUPA CASAL MALIBU 6 PT IMBUIA E OFF WHITE,94005330,GUARDA ROUPA CASAL LAJEDO 6 PT IMBUIA E OFF WHITE,13.36519,100.0,1841.04,GUARDA ROUPAS,NAO INFORMADO,BRANCO,NAO INFORMADO,IMBUIA,NAO INFORMADO,NAO INFORMADO,6,NAO INFORMADO
AR996CL75WCYMOB-450138,GUARDA ROUPA CLOSET MODULADO BARCELONA DEMOLICAO,19146098,GUARDA ROUPA CLOSET MODULADO BARCELONA DEMOLICAO,12.361297,100.0,600.43,GUARDA ROUPAS,NAO INFORMADO,NAO INFORMADO,NAO INFORMADO,NAO INFORMADO,NAO INFORMADO,NAO INFORMADO,NAO INFORMADO,NAO INFORMADO
RU994CL45ALMMOB-952845,GUARDA ROUPA SOLTEIRO MALIBU 4 PT 2 GV IMBUIA,108892190,GUARDA ROUPA SOLTEIRO XANGAI 4 PT 2 GV IMBUIA,10.821536,100.0,401.86,GUARDA ROUPAS,NAO INFORMADO,NAO INFORMADO,NAO INFORMADO,IMBUIA,NAO INFORMADO,NAO INFORMADO,4,2
IM630RA72YUDMOB-522356,RACK CLASSIC I 3 GV BRANCO ACETINADO 218 CM,21687741,RACK CLASSIC I 3 GV BRANCO ACETINADO 218 CM,17.136272,100.0,803.37,RACKS,NAO INFORMADO,BRANCO,NAO INFORMADO,NAO INFORMADO,NAO INFORMADO,218CM,3,NAO INFORMADO
LI729RA06OKFMOB-1101348,RACK COM PAINEL PARA TV ATE 75 POLEGADAS OURO PRETO 2 PT 2 GV NATURE E OFF WHITE,99379255,RACK COM PAINEL PARA TV ATE 75 POLEGADAS OURO PRETO 1 PT 2 GV NATURE E OFF WHITE,23.468533,100.0,2249.96,RACKS COM PAINEIS,NAO INFORMADO,AMARELO PRETO,NAO INFORMADO,NAO INFORMADO,SIM,NAO INFORMADO,2,1
DA270RA04UOXMOB-1088070,RACK LOREN 1 PT 2 GV FREIJO 220 CM,111782511,RACK PARA TV DE ATE 60QUOT 2 GAVETAS 220 CM 1 PORTA DE CORRER FREIJO DALLA COSTA,22.052502,100.0,927.5,RACKS,DALLA COSTA,NAO INFORMADO,NAO INFORMADO,FREIJO,NAO INFORMADO,220CM,2,1
MO173UP90XHLMOB-744072,SOFA 2 LUGARES RETRATIL LUBECK SUEDE BEGE 140 CM,49173654,SOFA 2 LUGARES RETRATIL LUBECK SUEDE BEGE 140 CM,20.522749,100.0,847.9,SOFAS,NAO INFORMADO,MARROM,2,SIM,SUEDE,140,NAO INFORMADO,NAO INFORMADO
MO173UP89XHMMOB-744073,SOFA 2 LUGARES RETRATIL LUBECK SUEDE GRAFITE 140 CM,48934363,SOFA 2 LUGARES RETRATIL LUBECK SUEDE GRAFITE 140 CM,21.332361,100.0,834.88,SOFAS,NAO INFORMADO,CINZA,2,SIM,SUEDE,140,NAO INFORMADO,NAO INFORMADO
MO173UP87XHOMOB-744075,SOFA 2 LUGARES RETRATIL LUBECK SUEDE PRETO 140 CM,48982254,SOFA 2 LUGARES RETRATIL LUBECK SUEDE PRETO 140 CM,20.518517,100.0,733.19,SOFAS,NAO INFORMADO,PRETO,2,SIM,SUEDE,140,NAO INFORMADO,NAO INFORMADO
MO173UP49VIWMOB-414453,SOFA 3 LUGARES BENY BASE DE MADEIRA LINHO COTTON CINZA,24063275,SOFA 3 LUGARES BENY BASE DE MADEIRA LINHO COTTON CINZA,21.566633,100.0,1709.47,SOFAS,NAO INFORMADO,CINZA,3,NAO INFORMADO,LINHO COTTON,NAO INFORMADO,NAO INFORMADO,NAO INFORMADO
MO173UP42VJDMOB-414460,SOFA 3 LUGARES BENY BASE DE MADEIRA LINHO COTTON CRU,75693186,SOFA 3 LUGARES BENY BASE DE MADEIRA LINHO COTTON CRU CRU,23.897541,100.0,1710.24,SOFAS,NAO INFORMADO,NATURAL,3,NAO INFORMADO,LINHO COTTON,NAO INFORMADO,NAO INFORMADO,NAO INFORMADO
LI582UP17OKCMOB-116809,SOFA 3 LUGARES LARISSA II SUEDE BEGE,14399383,SOFA 3 LUGARES LARISSA II SUEDE BEGE,17.688307,100.0,1140.31,SOFAS,NAO INFORMADO,MARROM,3,NAO INFORMADO,SUEDE,NAO INFORMADO,NAO INFORMADO,NAO INFORMADO
LI582UP75OXKMOB-462928,SOFA 3 LUGARES NEW PASSION CORINO PRETO,91706921,SOFA 3 LUGARES NEW PASSION CORINO PRETO,16.779919,100.0,1295.87,SOFAS,NAO INFORMADO,PRETO,3,NAO INFORMADO,NAO INFORMADO,NAO INFORMADO,NAO INFORMADO,NAO INFORMADO
MO173UP37YKGMOB-813085,SOFA 3 LUGARES RETRATIL BERNA LINHO CRU 180 CM,103490920,SOFA 3 LUGARES RETRATIL E RECLINAVEL MALTA LINHO CRU 180 CM,17.943645,100.0,2249.26,SOFAS,NAO INFORMADO,NATURAL,3,SIM,LINHO,180,NAO INFORMADO,NAO INFORMADO
LI582UP05UNYMOB-641112,SOFA 3 LUGARES RETRATIL E RECLINAVEL BIARRITZ SUEDE GRAFITE,30199061,SOFA 3 LUGARES RETRATIL E RECLINAVEL BIARRITZ SUEDE GRAFITE,19.996029,100.0,1387.14,SOFAS,NAO INFORMADO,CINZA,3,SIM,SUEDE,NAO INFORMADO,NAO INFORMADO,NAO INFORMADO
MO173UP63GLCMOB-1147876,SOFA 3 LUGARES RETRATIL E RECLINAVEL LUPIN LINHO BEGE,104499564,SOFA 3 LUGARES RETRATIL E RECLINAVEL LUPIN LINHO BEGE,18.410105,100.0,2473.48,SOFAS,NAO INFORMADO,MARROM,3,SIM,LINHO,NAO INFORMADO,NAO INFORMADO,NAO INFORMADO
MO173UP62GLDMOB-1147877,SOFA 3 LUGARES RETRATIL E RECLINAVEL LUPIN LINHO CINZA,103172806,SOFA 3 LUGARES RETRATIL E RECLINAVEL LUPIN LINHO CINZA,18.830048,100.0,2123.28,SOFAS,NAO INFORMADO,CINZA,3,SIM,LINHO,NAO INFORMADO,NAO INFORMADO,NAO INFORMADO
MO173UP64GLBMOB-1147875,SOFA 3 LUGARES RETRATIL E RECLINAVEL LUPIN LINHO CRU,103139067,SOFA 3 LUGARES RETRATIL E RECLINAVEL LUPIN LINHO CRU,19.336805,100.0,2434.66,SOFAS,NAO INFORMADO,NATURAL,3,SIM,NAO INFORMADO,NAO INFORMADO,NAO INFORMADO,NAO INFORMADO
MO173UP61GLEMOB-1147878,SOFA 3 LUGARES RETRATIL E RECLINAVEL LUPIN LINHO GRAFITE,103490918,SOFA 3 LUGARES RETRATIL E RECLINAVEL LUPIN LINHO GRAFITE,19.219719,100.0,2488.62,SOFAS,NAO INFORMADO,CINZA,3,SIM,LINHO,NAO INFORMADO,NAO INFORMADO,NAO INFORMADO
MO173UP83QHCMOB-1137013,SOFA 3 LUGARES RETRATIL E RECLINAVEL MALTA LINHO CRU 180 CM,103490920,SOFA 3 LUGARES RETRATIL E RECLINAVEL MALTA LINHO CRU 180 CM,22.380474,100.0,2249.26,SOFAS,NAO INFORMADO,NATURAL,3,SIM,LINHO,180,NAO INFORMADO,NAO INFORMADO
DD124UP96PGXMOB-1015067,SOFA 3 LUGARES RETRATIL E RECLINAVEL PRIME LINHO CINZA 190 CM,88836060,SOFA 3 LUGARES RETRATIL E RECLINAVEL PRIME LINHO CINZA 190 CM,19.71504,100.0,2250.87,SOFAS,NAO INFORMADO,CINZA,3,SIM,NAO INFORMADO,190,NAO INFORMADO,NAO INFORMADO
DD124UP94PGZMOB-1015069,SOFA 3 LUGARES RETRATIL E RECLINAVEL PRIME LINHO CINZA 210 CM,87010781,SOFA 3 LUGARES RETRATIL E RECLINAVEL PRIME LINHO CINZA 210 CM,19.467842,100.0,2301.77,SOFAS,NAO INFORMADO,CINZA,3,SIM,NAO INFORMADO,210,NAO INFORMADO,NAO INFORMADO
MO173UP31JZOMOB-769569,SOFA 3 LUGARES RETRATIL LUBECK LINHO BEGE,69742731,SOFA 3 LUGARES RETRATIL LUBECK LINHO BEGE,16.414438,100.0,872.78,SOFAS,NAO INFORMADO,MARROM,3,SIM,LINHO,NAO INFORMADO,NAO INFORMADO,NAO INFORMADO
MO173UP27JZSMOB-769573,SOFA 3 LUGARES RETRATIL LUBECK LINHO CRU,108956674,SOFA 3 LUGARES RETRATIL MOON LINHO CRU 200 CM,15.593555,100.0,2088.53,SOFAS,NAO INFORMADO,NATURAL,3,SIM,LINHO,200,NAO INFORMADO,NAO INFORMADO
MO173UP03NRSMOB-391639,SOFA 4 LUGARES LIVING COM CHAISE ESQUERDO PE PALITO LINHO COTTON CRU,47481627,SOFA 4 LUGARES LIVING COM CHAISE ESQUERDO PE PALITO LINHO COTTON CRU,26.228516,100.0,2628.23,SOFAS,NAO INFORMADO,NATURAL,4,NAO INFORMADO,NAO INFORMADO,NAO INFORMADO,NAO INFORMADO,NAO INFORMADO
MO173UP78SQNMOB-412622,SOFA 4 LUGARES LIVING COM CHAISE ESQUERDO PES E BASE EM MADEIRA LINHO COTTON CRU,47675193,SOFA 4 LUGARES LIVING COM CHAISE ESQUERDO PES E BASE EM MADEIRA LINHO COTTON CRU,26.383972,100.0,2227.98,SOFAS,NAO INFORMADO,NATURAL,4,NAO INFORMADO,NAO INFORMADO,NAO INFORMADO,NAO INFORMADO,NAO INFORMADO
MO173UP37GMCMOB-1147902,SOFA RETRATIL SEM CAIXA 3 LUGARES SOLOMONS LINHO CRU,134660961,SOFA RETRATIL SEM CAIXA 3 LUGARES SOLOMONS LINHO CRU 214 CM,22.043123,100.0,1866.97,SOFAS,NAO INFORMADO,NATURAL,3,SIM,LINHO,214,NAO INFORMADO,NAO INFORMADO
MO173UP34GMFMOB-1147905,SOFA RETRATIL SEM CAIXA 3 LUGARES SOLOMONS LINHO GRAFITE,133587636,SOFA RETRATIL SEM CAIXA 3 LUGARES SOLOMONS LINHO BEGE 180 CM,16.407854,100.0,1642.12,SOFAS,NAO INFORMADO,MARROM,3,SIM,LINHO,180,NAO INFORMADO,NAO INFORMADO
MO173UP80MZBMOB-531871,SOFA CAMA 2 LUGARES CASAL GENOVA AZUL,97293326,SOFA CAMA 2 LUGARES CASAL GENOVA AZUL AZUL,18.173233,100.0,1919.61,SOFAS CAMA,NAO INFORMADO,AZUL,2,NAO INFORMADO,NAO INFORMADO,NAO INFORMADO,NAO INFORMADO,NAO INFORMADO
MO173UP79MZCMOB-531872,SOFA CAMA 2 LUGARES CASAL GENOVA CINZA ESCURO,29428613,SOFA CAMA 2 LUGARES CASAL GENOVA CINZA ESCURO,18.06616,100.0,2303.92,SOFAS CAMA,NAO INFORMADO,CINZA,2,NAO INFORMADO,NAO INFORMADO,NAO INFORMADO,NAO INFORMADO,NAO INFORMADO
MO173UP44OPBMOB-427479,SOFA CAMA 3 LUGARES CASAL PREMIUM BASE E PES DE MADEIRA SUEDE CINZA,24690895,SOFA CAMA 3 LUGARES CASAL PREMIUM BASE E PES DE MADEIRA SUEDE CINZA,19.888777,100.0,1280.29,SOFAS CAMA,NAO INFORMADO,CINZA,3,NAO INFORMADO,SUEDE,NAO INFORMADO,NAO INFORMADO,NAO INFORMADO
LI582UP30EWFMOB-236770,SOFA CAMA 3 LUGARES CASAL PREMIUM CAFE,78580099,SOFA CAMA 3 LUGARES CASAL ESTILO COURO SINTETICO CAFE,16.511938,100.0,1331.62,SOFAS CAMA,NAO INFORMADO,MARROM,3,NAO INFORMADO,COURO SINTETICO,NAO INFORMADO,NAO INFORMADO,NAO INFORMADO
MC926UP18MXPMOB-115756,SOFA CAMA 3 LUGARES CASAL PREMIUM II SUEDE CAFE,22515877,SOFA CAMA 3 LUGARES CASAL PREMIUM II SUEDE CAFE,16.811167,100.0,1231.3,SOFAS CAMA,NAO INFORMADO,MARROM,3,NAO INFORMADO,SUEIDE,NAO INFORMADO,NAO INFORMADO,NAO INFORMADO
LI582UP22JZHMOB-204089,SOFA CAMA 3 LUGARES CASAL PREMIUM SUEDE CINZA,37388871,SOFA CAMA 3 LUGARES CASAL PREMIUM SUEDE CINZA,15.676582,100.0,1230.55,SOFAS CAMA,NAO INFORMADO,CINZA,3,NAO INFORMADO,SUEDE,NAO INFORMADO,NAO INFORMADO,NAO INFORMADO
MD260UP61YDAMOB-213814,SOFA CAMA 3 LUGARES CASAL PREMIUM SUEDE VELVET BEGE,30304300,SOFA CAMA 3 LUGARES CASAL PREMIUM SUEDE VELVET BEGE,20.888912,100.0,1208.89,SOFAS CAMA,NAO INFORMADO,MARROM,3,NAO INFORMADO,VELVET,NAO INFORMADO,NAO INFORMADO,NAO INFORMADO
LI582UP42LZDMOB-736546,SOFA CAMA CASAL 3 LUGARES PREMIUM A2 SUEDE AZUL TURQUESA,46358141,SOFA CAMA CASAL 3 LUGARES PREMIUM A2 SUEDE AZUL TURQUESA,22.724287,100.0,1293.16,SOFAS CAMA,NAO INFORMADO,AZUL,3,NAO INFORMADO,SUEDE,NAO INFORMADO,NAO INFORMADO,NAO INFORMADO
LI582UP30PFHMOB-721427,SOFA CAMA CASAL 3 LUGARES PREMIUM SUEDE PES DE METAL PRETO,43359902,SOFA CAMA CASAL 3 LUGARES PREMIUM SUEDE PES DE METAL PRETO,19.669203,100.0,1169.15,SOFAS CAMA,NAO INFORMADO,PRETO,3,NAO INFORMADO,SUEDE,NAO INFORMADO,NAO INFORMADO,NAO INFORMADO
LI582UP02MFLMOB-753739,SOFA CAMA CASAL 3 LUGARES SOFIA SUEDE GRAFITE,51102332,SOFA CAMA CASAL 3 LUGARES SOFIA SUEDE GRAFITE,17.917412,100.0,1464.92,SOFAS CAMA,NAO INFORMADO,CINZA,3,NAO INFORMADO,SUEDE,NAO INFORMADO,NAO INFORMADO,NAO INFORMADO
DD124UP92PHBMOB-1015071,SOFA CAMA CASAL SEM CAIXA 3 LUGARES PRIME LINHO CINZA 230 CM,89075651,SOFA 3 LUGARES RETRATIL E RECLINAVEL PRIME LINHO CINZA 230 CM,16.340925,100.0,2578.97,SOFAS,NAO INFORMADO,CINZA,3,SIM,NAO INFORMADO,190,NAO INFORMADO,NAO INFORMADO
DU110AC62BSNMOB-936154,TRAVESSEIRO GULDI SOFT NASA BRANCO,90415871,TRAVESSEIRO ORTOBOM NASA ORTOPEDICO ANATOMICO CERVICAL CORPO BECA BABY,8.5565815,100.0,85.38,TRAVESSEIROS,NAO INFORMADO,NAO INFORMADO,NAO INFORMADO,NAO INFORMADO,NAO INFORMADO,NAO INFORMADO,NAO INFORMADO,NAO INFORMADO
MO173CH67IDCMOB-751205,CADEIRA DE ESCRITORIO DIRETOR GIRATORIA ANTONELLA BRANCA,57848649,CADEIRA DE ESCRITORIO DIRETOR GIRATORIA ANTONELLA BRANCA,17.813696,100.0,1143.65,CADEIRAS DE ESCRITORIO,NAO INFORMADO,BRANCO,NAO INFORMADO,SIM,NAO INFORMADO,NAO INFORMADO,NAO INFORMADO,NAO INFORMADO
MC926CH72QFZMOB-118134,CADEIRA DE ESCRITORIO DIRETOR GIRATORIA CHARLES PRETA,80680889,CADEIRA DE ESCRITORIO DIRETOR GIRATORIA CHARLES PRETA PRETO,16.890284,100.0,460.33,CADEIRAS DE ESCRITORIO,NAO INFORMADO,PRETO,NAO INFORMADO,SIM,NAO INFORMADO,NAO INFORMADO,NAO INFORMADO,NAO INFORMADO
MO173CH11BLWMOB-488917,CADEIRA DE ESCRITORIO DIRETOR GIRATORIA LIGHT PRETA,30495790,CADEIRA DE ESCRITORIO SECRETARIA GIRATORIA LIGHT PRETA,14.840694,100.0,448.82,CADEIRAS DE ESCRITORIO,NAO INFORMADO,PRETO,NAO INFORMADO,SIM,NAO INFORMADO,NAO INFORMADO,NAO INFORMADO,NAO INFORMADO
MC926CH67UQEMOB-315774,CADEIRA DE ESCRITORIO DIRETOR GIRATORIA OSLO PRETA,58622619,CADEIRA DE ESCRITORIO DIRETOR GIRATORIA ANTONELLA PRETA,13.876402,100.0,1153.17,CADEIRAS DE ESCRITORIO,NAO INFORMADO,PRETO,NAO INFORMADO,SIM,NAO INFORMADO,NAO INFORMADO,NAO INFORMADO,NAO INFORMADO
MO173CH16WLZMOB-862653,CADEIRA DE ESCRITORIO PRESIDENTE GIRATORIA COM RELAX CLARK PRETA,81361031,CADEIRA DE ESCRITORIO PRESIDENTE GIRATORIA COM RELAX CLARK PRETA,20.582212,100.0,539.14,CADEIRAS DE ESCRITORIO,CLARK,PRETO,NAO INFORMADO,SIM,SIM,NAO INFORMADO,NAO INFORMADO,NAO INFORMADO
MO173CH97OTQMOB-480480,CADEIRA DE ESCRITORIO PRESIDENTE GIRATORIA COM RELAX FINLAND PRETA,80626177,CADEIRA DE ESCRITORIO PRESIDENTE GIRATORIA COM RELAX FINLAND PRETA,20.507118,100.0,541.43,CADEIRAS DE ESCRITORIO,NAO INFORMADO,PRETO,NAO INFORMADO,SIM,SIM,NAO INFORMADO,NAO INFORMADO,NAO INFORMADO
MO173CH10BLXMOB-488918,CADEIRA DE ESCRITORIO SECRETARIA GIRATORIA LIGHT PRETA,30495790,CADEIRA DE ESCRITORIO SECRETARIA GIRATORIA LIGHT PRETA,16.787977,100.0,448.82,CADEIRAS DE ESCRITORIO,NAO INFORMADO,PRETO,NAO INFORMADO,SIM,NAO INFORMADO,NAO INFORMADO,NAO INFORMADO,NAO INFORMADO
MC926CH05EJUMOB-200176,CADEIRA DE ESCRITORIO SECRETARIA GIRATORIA MARILYN BRANCA,30495792,CADEIRA DE ESCRITORIO SECRETARIA GIRATORIA MARILYN BRANCA,17.795921,100.0,483.36,CADEIRAS DE ESCRITORIO,NAO INFORMADO,BRANCO,NAO INFORMADO,SIM,NAO INFORMADO,NAO INFORMADO,NAO INFORMADO,NAO INFORMADO
MC926CH04EJVMOB-200177,CADEIRA DE ESCRITORIO SECRETARIA GIRATORIA MARILYN PRETA,30481319,CADEIRA DE ESCRITORIO SECRETARIA GIRATORIA MARILYN PRETA,17.51338,100.0,395.66,CADEIRAS DE ESCRITORIO,NAO INFORMADO,PRETO,NAO INFORMADO,SIM,NAO INFORMADO,NAO INFORMADO,NAO INFORMADO,NAO INFORMADO
PR386TA35KYEMOB-872147,ESCRIVANINHA ANAH 1 GV FREIJO E PRETA,71339845,ESCRIVANINHA COM ARMARIO ANAH 1 PT FREIJO E PRETA,14.15777,100.0,305.09,MESAS DE ESCRITORIO E ESCRIVANINHAS,NAO INFORMADO,PRETO,NAO INFORMADO,NAO INFORMADO,NAO INFORMADO,NAO INFORMADO,NAO INFORMADO,NAO INFORMADO
CO184TA68EBRMOB-1007568,ESCRIVANINHA STUDIO PRETA 180 CM,85094555,ESCRIVANINHA STUDIO PRETA 180 CM,13.436642,100.0,377.62,MESAS DE ESCRITORIO E ESCRIVANINHAS,NAO INFORMADO,PRETO,180CM,NAO INFORMADO,NAO INFORMADO,NAO INFORMADO,NAO INFORMADO,NAO INFORMADO
PR386TA37KYCMOB-872145,MESA DE ESCRITORIO ANAH FREIJO E PRETA 135 CM,128227388,MESA DE ESCRITORIO ANAH FREIJO E PRETA 135 CM,17.099781,100.0,279.94,MESAS DE ESCRITORIO E ESCRIVANINHAS,NAO INFORMADO,PRETO,135CM,NAO INFORMADO,NAO INFORMADO,NAO INFORMADO,NAO INFORMADO,NAO INFORMADO
CO184TA01DFIMOB-972225,MESA DE ESCRITORIO KUANDRA NOGAL E PRETA,77972762,MESA DE ESCRITORIO KUANDRA NOGAL E PRETA,15.8263645,100.0,424.91,MESAS DE ESCRITORIO E ESCRIVANINHAS,NAO INFORMADO,MARROM PRETO,NAO INFORMADO,NAO INFORMADO,NAO INFORMADO,NAO INFORMADO,NAO INFORMADO,NAO INFORMADO
KA161TA64WJFMOB-415168,MESA DE ESCRITORIO MUNIQUE CARVALHO 190 CM,99945094,MESA DE ESCRITORIO KAPPESBERG 190M CARVALHO MUNIQUE,12.02823,100.0,680.68,MESAS DE ESCRITORIO E ESCRIVANINHAS,NAO INFORMADO,MARROM,NAO INFORMADO,NAO INFORMADO,NAO INFORMADO,NAO INFORMADO,NAO INFORMADO,NAO INFORMADO
MO173CH76CDVMOB-798614,BANQUETA GIRATORIA HARBOR MARROM,70753807,BANQUETA GIRATORIA HARBOR MARROM MARROM,15.047979,100.0,353.06,BANQUETAS,NAO INFORMADO,MARROM,SIM,NAO INFORMADO,NAO INFORMADO,NAO INFORMADO,NAO INFORMADO,NAO INFORMADO
MO173CH35NMAMOB-670789,BANQUETA GIRATORIA VENLO PRETA,41544839,BANQUETA GIRATORIA VENLO PRETA,14.52462,100.0,505.44,BANQUETAS,NAO INFORMADO,PRETO,SIM,NAO INFORMADO,NAO INFORMADO,NAO INFORMADO,NAO INFORMADO,NAO INFORMADO
MO009CH08GRZMOB-733040,CONJUNTO COM 2 CADEIRAS DE JANTAR ESMERALDA II CARAMELO E BEGE,103742215,CONJUNTO COM 2 CADEIRAS DE JANTAR ESMERALDA II CARAMELO E BEGE,21.541311,100.0,884.82,CONJUNTO DE MESA E CADEIRAS,NAO INFORMADO,MARROM,2,NAO INFORMADO,NAO INFORMADO,NAO INFORMADO,NAO INFORMADO,NAO INFORMADO
DA270CH30GDTMOB-1130200,CONJUNTO COM 2 CADEIRAS PENNY ALGODAO BEGE E FREIJO,102925740,CONJUNTO COM 2 CADEIRAS PENNY ALGODAO BEGE E FREIJO,21.024563,100.0,664.85,CONJUNTO DE CADEIRAS,NAO INFORMADO,MARROM,2,ALGODAO,NAO INFORMADO,NAO INFORMADO,NAO INFORMADO,NAO INFORMADO
VA979BE58RPXMOB-1051566,BASE PARA CAMA BOX CASAL ERICA COM BAU PRETA,53381522,CAMA BOX CASAL CONJUGADA ORTOPEDICO PRETA PREMIUM,8.316247,100.0,340.15,CAMAS BOX,NAO INFORMADO,PRETO,NAO INFORMADO,NAO INFORMADO,NAO INFORMADO,CASAL CONJUGADA,NAO INFORMADO,NAO INFORMADO
MO173BE70NMJMOB-771849,BASE PARA CAMA BOX CASAL GULDI COM BAU LINHO 47X138X188 CM AZUL MARINHO,89813912,SOFA CAMA CASAL RECLINAVEL COM BAU PAMELA AZUL MARINHO,16.37097,100.0,1011.04,SOFAS CAMA,NAO INFORMADO,AZUL,NAO INFORMADO,SIM,NAO INFORMADO,NAO INFORMADO,NAO INFORMADO,NAO INFORMADO
MO173BE72NMHMOB-771847,BASE PARA CAMA BOX CASAL GULDI COM BAU LINHO 47X138X188 CM CINZA,76778768,CAMA BOX BAU CASAL COLCHAO MOLAS ENSACADAS BOX CINZA,10.925499,100.0,965.03,CAMAS BOX,NAO INFORMADO,CINZA,NAO INFORMADO,NAO INFORMADO,NAO INFORMADO,CASAL,SIM,NAO INFORMADO
MO173BE67NMMMOB-771852,BASE PARA CAMA BOX QUEEN GULDI COM BAU LINHO 47X158X198 CM CINZA,107550111,CAMA BOX BAU QUEEN SINTETICO CINZA COLCHAO MOLAS ENSACADAS 63X158X198,10.627096,100.0,1599.9,CAMAS BOX,NAO INFORMADO,CINZA,63CM X 158CM X 198CM,NAO INFORMADO,NAO INFORMADO,QUEEN,SIM,NAO INFORMADO
RU994TA28YNBMOB-574567,CONJUNTO DE MESA DE JANTAR BERLIM II COM TAMPO DE VIDRO OFF WHITE E 4 CADEIRAS GRECIA VELUDO CREME,50362724,CONJUNTO DE MESA DE JANTAR BERLIM II COM TAMPO DE VIDRO OFF WHITE E 4 CADEIRAS GRECIA VELUDO CREME,28.653475,100.0,1617.1,CONJUNTO DE MESA E CADEIRAS,NAO INFORMADO,BRANCO,4,NAO INFORMADO,VIDRO,NAO INFORMADO,NAO INFORMADO,NAO INFORMADO
CA366TA81IEWMOB-166390,CONJUNTO DE MESA OITAVADA COM 8 CADEIRAS UMBRIDGE COLORIDO,73765398,CONJUNTO DE MESA OITAVADA COM 8 CADEIRAS FUNNY COLORIDO,27.239902,100.0,1784.69,CONJUNTO DE MESA E CADEIRAS,NAO INFORMADO,COLORIDO,8,NAO INFORMADO,NAO INFORMADO,NAO INFORMADO,NAO INFORMADO,NAO INFORMADO
NE528TA64KDFMOB-718045,MESA DE JANTAR REDONDA COM TAMPO DE VIDRO ISABELA IPE E OFF WHITE 100 CM,42243069,MESA DE JANTAR REDONDA COM TAMPO DE VIDRO ISABELA IPE E OFF WHITE 100 CM,25.030687,100.0,670.9,MESAS DE JANTAR,NAO INFORMADO,BRANCO,REDONDA,100CM,VIDRO,NAO INFORMADO,NAO INFORMADO,NAO INFORMADO
NE528TA72UWDMOB-984126,MESA DE JANTAR REDONDA ISIS IMBUIA 117 CM,102143053,MESA DE JANTAR REDONDA ISIS IMBUIA 117 CM,18.679028,100.0,383.42,MESAS DE JANTAR,NAO INFORMADO,NAO INFORMADO,REDONDA,117CM,NAO INFORMADO,NAO INFORMADO,NAO INFORMADO,NAO INFORMADO
MA566UP00IOXMOB-77276,POLTRONA RECLINAVEL CLASSIC BEGE,16564395,POLTRONA DO PAPAI RECLINAVEL CLASSIC MARROM CORINO,13.89025,100.0,582.72,POLTRONAS,NAO INFORMADO,MARROM,SIM,NAO INFORMADO,CORINO,NAO INFORMADO,NAO INFORMADO,NAO INFORMADO
